user ID,班次代码,班次日期,班次开始时间,班次结束时间
Ada,休,2025-10-1,00:00,00:00
Ada,休,2025-10-2,00:00,00:00
Ada,休,2025-10-3,00:00,00:00
Ada,休,2025-10-4,00:00,00:00
Ada,休,2025-10-5,00:00,00:00
Ada,休,2025-10-6,00:00,00:00
Ada,休,2025-10-7,00:00,00:00
Ada,休,2025-10-8,00:00,00:00
Ada,A,2025-10-9,09:00,18:00
Ada,A,2025-10-10,09:00,18:00
Ada,A,2025-10-11,09:00,18:00
Ada,休,2025-10-12,00:00,00:00
Ada,A,2025-10-13,09:00,18:00
Ada,A,2025-10-14,09:00,18:00
Ada,A,2025-10-15,09:00,18:00
Ada,A,2025-10-16,09:00,18:00
Ada,A,2025-10-17,09:00,18:00
Ada,休,2025-10-18,00:00,00:00
Ada,休,2025-10-19,00:00,00:00
Ada,A,2025-10-20,09:00,18:00
Ada,A,2025-10-21,09:00,18:00
Ada,A,2025-10-22,09:00,18:00
Ada,A,2025-10-23,09:00,18:00
Ada,A,2025-10-24,09:00,18:00
Ada,休,2025-10-25,00:00,00:00
Ada,A,2025-10-26,09:00,18:00
Ada,A,2025-10-27,09:00,18:00
Ada,A,2025-10-28,09:00,18:00
Ada,A,2025-10-29,09:00,18:00
Ada,A,2025-10-30,09:00,18:00
Ada,A,2025-10-31,09:00,18:00
Ada,休,2025-11-1,00:00,00:00
Ada,休,2025-11-2,00:00,00:00
Ada,A,2025-11-3,09:00,18:00
Ada,A,2025-11-4,09:00,18:00
Ada,A,2025-11-5,09:00,18:00
Ada,A,2025-11-6,09:00,18:00
Ada,休,2025-11-7,00:00,00:00
Ada,休,2025-11-8,00:00,00:00
Ada,休,2025-11-9,00:00,00:00
Ada,A,2025-11-10,09:00,18:00
Ada,A,2025-11-11,09:00,18:00
Ada,A,2025-11-12,09:00,18:00
Ada,A,2025-11-13,09:00,18:00
Ada,A,2025-11-14,09:00,18:00
Ada,休,2025-11-15,00:00,00:00
Ada,休,2025-11-16,00:00,00:00
Ada,A,2025-11-17,09:00,18:00
Ada,A,2025-11-18,09:00,18:00
Ada,A,2025-11-19,09:00,18:00
Ada,A,2025-11-20,09:00,18:00
Ada,A,2025-11-21,09:00,18:00
Ada,休,2025-11-22,00:00,00:00
Ada,休,2025-11-23,00:00,00:00
Ada,A,2025-11-24,09:00,18:00
Ada,A,2025-11-25,09:00,18:00
Ada,A,2025-11-26,09:00,18:00
Ada,A,2025-11-27,09:00,18:00
Ada,A,2025-11-28,09:00,18:00
Ada,休,2025-11-29,00:00,00:00
Ada,休,2025-11-30,00:00,00:00
Mira,A,2025-10-1,09:00,18:00
Mira,A,2025-10-2,09:00,18:00
Mira,休,2025-10-3,00:00,00:00
Mira,休,2025-10-4,00:00,00:00
Mira,休,2025-10-5,00:00,00:00
Mira,A,2025-10-6,09:00,18:00
Mira,A,2025-10-7,09:00,18:00
Mira,A,2025-10-8,09:00,18:00
Mira,A,2025-10-9,09:00,18:00
Mira,A,2025-10-10,09:00,18:00
Mira,休,2025-10-11,00:00,00:00
Mira,休,2025-10-12,00:00,00:00
Mira,A,2025-10-13,09:00,18:00
Mira,A,2025-10-14,09:00,18:00
Mira,A,2025-10-15,09:00,18:00
Mira,A,2025-10-16,09:00,18:00
Mira,休,2025-10-17,00:00,00:00
Mira,休,2025-10-18,00:00,00:00
Mira,休,2025-10-19,00:00,00:00
Mira,A,2025-10-20,09:00,18:00
Mira,A,2025-10-21,09:00,18:00
Mira,A,2025-10-22,09:00,18:00
Mira,A,2025-10-23,09:00,18:00
Mira,A,2025-10-24,09:00,18:00
Mira,休,2025-10-25,00:00,00:00
Mira,休,2025-10-26,00:00,00:00
Mira,A,2025-10-27,09:00,18:00
Mira,A,2025-10-28,09:00,18:00
Mira,A,2025-10-29,09:00,18:00
Mira,A,2025-10-30,09:00,18:00
Mira,A,2025-10-31,09:00,18:00
Mira,休,2025-11-1,00:00,00:00
Mira,休,2025-11-2,00:00,00:00
Mira,A,2025-11-3,09:00,18:00
Mira,A,2025-11-4,09:00,18:00
Mira,A,2025-11-5,09:00,18:00
Mira,A,2025-11-6,09:00,18:00
Mira,A,2025-11-7,09:00,18:00
Mira,休,2025-11-8,00:00,00:00
Mira,休,2025-11-9,00:00,00:00
Mira,休,2025-11-10,00:00,00:00
Mira,A,2025-11-11,09:00,18:00
Mira,A,2025-11-12,09:00,18:00
Mira,A,2025-11-13,09:00,18:00
Mira,A,2025-11-14,09:00,18:00
Mira,A,2025-11-15,09:00,18:00
Mira,A,2025-11-16,09:00,18:00
Mira,休,2025-11-17,00:00,00:00
Mira,休,2025-11-18,00:00,00:00
Mira,A,2025-11-19,09:00,18:00
Mira,A,2025-11-20,09:00,18:00
Mira,A,2025-11-21,09:00,18:00
Mira,A,2025-11-22,09:00,18:00
Mira,休,2025-11-23,00:00,00:00
Mira,休,2025-11-24,00:00,00:00
Mira,休,2025-11-25,00:00,00:00
Mira,A,2025-11-26,09:00,18:00
Mira,A,2025-11-27,09:00,18:00
Mira,A,2025-11-28,09:00,18:00
Mira,A,2025-11-29,09:00,18:00
Mira,A,2025-11-30,09:00,18:00
Ethan,A,2025-10-1,09:00,18:00
Ethan,A,2025-10-2,09:00,18:00
Ethan,A,2025-10-3,09:00,18:00
Ethan,休,2025-10-4,00:00,00:00
Ethan,休,2025-10-5,00:00,00:00
Ethan,A,2025-10-6,09:00,18:00
Ethan,A,2025-10-7,09:00,18:00
Ethan,A,2025-10-8,09:00,18:00
Ethan,休,2025-10-9,00:00,00:00
Ethan,休,2025-10-10,00:00,00:00
Ethan,A,2025-10-11,09:00,18:00
Ethan,A,2025-10-12,09:00,18:00
Ethan,A,2025-10-13,09:00,18:00
Ethan,A,2025-10-14,09:00,18:00
Ethan,A,2025-10-15,09:00,18:00
Ethan,A,2025-10-16,09:00,18:00
Ethan,休,2025-10-17,00:00,00:00
Ethan,A,2025-10-18,09:00,18:00
Ethan,A,2025-10-19,09:00,18:00
Ethan,A,2025-10-20,09:00,18:00
Ethan,A,2025-10-21,09:00,18:00
Ethan,休,2025-10-22,00:00,00:00
Ethan,休,2025-10-23,00:00,00:00
Ethan,休,2025-10-24,00:00,00:00
Ethan,A,2025-10-25,09:00,18:00
Ethan,A,2025-10-26,09:00,18:00
Ethan,A,2025-10-27,09:00,18:00
Ethan,A,2025-10-28,09:00,18:00
Ethan,A,2025-10-29,09:00,18:00
Ethan,休,2025-10-30,00:00,00:00
Ethan,A,2025-10-31,09:00,18:00
Ethan,A,2025-11-1,09:00,18:00
Ethan,A,2025-11-2,09:00,18:00
Ethan,A,2025-11-3,09:00,18:00
Ethan,A,2025-11-4,09:00,18:00
Ethan,休,2025-11-5,00:00,00:00
Ethan,休,2025-11-6,00:00,00:00
Ethan,休,2025-11-7,00:00,00:00
Ethan,A,2025-11-8,09:00,18:00
Ethan,A,2025-11-9,09:00,18:00
Ethan,A,2025-11-10,09:00,18:00
Ethan,A,2025-11-11,09:00,18:00
Ethan,休,2025-11-12,00:00,00:00
Ethan,休,2025-11-13,00:00,00:00
Ethan,A,2025-11-14,09:00,18:00
Ethan,A,2025-11-15,09:00,18:00
Ethan,A,2025-11-16,09:00,18:00
Ethan,A,2025-11-17,09:00,18:00
Ethan,A,2025-11-18,09:00,18:00
Ethan,休,2025-11-19,00:00,00:00
Ethan,休,2025-11-20,00:00,00:00
Ethan,A,2025-11-21,09:00,18:00
Ethan,A,2025-11-22,09:00,18:00
Ethan,A,2025-11-23,09:00,18:00
Ethan,A,2025-11-24,09:00,18:00
Ethan,A,2025-11-25,09:00,18:00
Ethan,休,2025-11-26,00:00,00:00
Ethan,休,2025-11-27,00:00,00:00
Ethan,休,2025-11-28,00:00,00:00
Ethan,A,2025-11-29,09:00,18:00
Ethan,A,2025-11-30,09:00,18:00
Alexa,休,2025-10-1,00:00,00:00
Alexa,休,2025-10-2,00:00,00:00
Alexa,休,2025-10-3,00:00,00:00
Alexa,休,2025-10-4,00:00,00:00
Alexa,休,2025-10-5,00:00,00:00
Alexa,A,2025-10-6,09:00,18:00
Alexa,A,2025-10-7,09:00,18:00
Alexa,A,2025-10-8,09:00,18:00
Alexa,休,2025-10-9,00:00,00:00
Alexa,休,2025-10-10,00:00,00:00
Alexa,A,2025-10-11,09:00,18:00
Alexa,A,2025-10-12,09:00,18:00
Alexa,A,2025-10-13,09:00,18:00
Alexa,A,2025-10-14,09:00,18:00
Alexa,A,2025-10-15,09:00,18:00
Alexa,休,2025-10-16,00:00,00:00
Alexa,A,2025-10-17,09:00,18:00
Alexa,休,2025-10-18,00:00,00:00
Alexa,A,2025-10-19,09:00,18:00
Alexa,A,2025-10-20,09:00,18:00
Alexa,A,2025-10-21,09:00,18:00
Alexa,A,2025-10-22,09:00,18:00
Alexa,A,2025-10-23,09:00,18:00
Alexa,休,2025-10-24,00:00,00:00
Alexa,休,2025-10-25,00:00,00:00
Alexa,A,2025-10-26,09:00,18:00
Alexa,A,2025-10-27,09:00,18:00
Alexa,A,2025-10-28,09:00,18:00
Alexa,A,2025-10-29,09:00,18:00
Alexa,A,2025-10-30,09:00,18:00
Alexa,A,2025-10-31,09:00,18:00
Alexa,休,2025-11-1,00:00,00:00
Alexa,A,2025-11-2,09:00,18:00
Alexa,A,2025-11-3,09:00,18:00
Alexa,A,2025-11-4,09:00,18:00
Alexa,休,2025-11-5,00:00,00:00
Alexa,A,2025-11-6,09:00,18:00
Alexa,休,2025-11-7,00:00,00:00
Alexa,休,2025-11-8,00:00,00:00
Alexa,A,2025-11-9,09:00,18:00
Alexa,A,2025-11-10,09:00,18:00
Alexa,A,2025-11-11,09:00,18:00
Alexa,A,2025-11-12,09:00,18:00
Alexa,A,2025-11-13,09:00,18:00
Alexa,休,2025-11-14,00:00,00:00
Alexa,休,2025-11-15,00:00,00:00
Alexa,A,2025-11-16,09:00,18:00
Alexa,A,2025-11-17,09:00,18:00
Alexa,A,2025-11-18,09:00,18:00
Alexa,A,2025-11-19,09:00,18:00
Alexa,A,2025-11-20,09:00,18:00
Alexa,休,2025-11-21,00:00,00:00
Alexa,休,2025-11-22,00:00,00:00
Alexa,A,2025-11-23,09:00,18:00
Alexa,A,2025-11-24,09:00,18:00
Alexa,A,2025-11-25,09:00,18:00
Alexa,A,2025-11-26,09:00,18:00
Alexa,休,2025-11-27,00:00,00:00
Alexa,休,2025-11-28,00:00,00:00
Alexa,休,2025-11-29,00:00,00:00
Alexa,A,2025-11-30,09:00,18:00
Olivia,休,2025-10-1,00:00,00:00
Olivia,休,2025-10-2,00:00,00:00
Olivia,休,2025-10-3,00:00,00:00
Olivia,休,2025-10-4,00:00,00:00
Olivia,休,2025-10-5,00:00,00:00
Olivia,休,2025-10-6,00:00,00:00
Olivia,A,2025-10-7,09:00,18:00
Olivia,A,2025-10-8,09:00,18:00
Olivia,A,2025-10-9,09:00,18:00
Olivia,A,2025-10-10,09:00,18:00
Olivia,休,2025-10-11,00:00,00:00
Olivia,休,2025-10-12,00:00,00:00
Olivia,A,2025-10-13,09:00,18:00
Olivia,A,2025-10-14,09:00,18:00
Olivia,A,2025-10-15,09:00,18:00
Olivia,A,2025-10-16,09:00,18:00
Olivia,A,2025-10-17,09:00,18:00
Olivia,A,2025-10-18,09:00,18:00
Olivia,休,2025-10-19,00:00,00:00
Olivia,休,2025-10-20,00:00,00:00
Olivia,A,2025-10-21,09:00,18:00
Olivia,A,2025-10-22,09:00,18:00
Olivia,A,2025-10-23,09:00,18:00
Olivia,A,2025-10-24,09:00,18:00
Olivia,A,2025-10-25,09:00,18:00
Olivia,休,2025-10-26,00:00,00:00
Olivia,休,2025-10-27,00:00,00:00
Olivia,A,2025-10-28,09:00,18:00
Olivia,A,2025-10-29,09:00,18:00
Olivia,A,2025-10-30,09:00,18:00
Olivia,A,2025-10-31,09:00,18:00
Olivia,A,2025-11-1,09:00,18:00
Olivia,休,2025-11-2,00:00,00:00
Olivia,休,2025-11-3,00:00,00:00
Olivia,A,2025-11-4,09:00,18:00
Olivia,A,2025-11-5,09:00,18:00
Olivia,A,2025-11-6,09:00,18:00
Olivia,A,2025-11-7,09:00,18:00
Olivia,A,2025-11-8,09:00,18:00
Olivia,休,2025-11-9,00:00,00:00
Olivia,休,2025-11-10,00:00,00:00
Olivia,A,2025-11-11,09:00,18:00
Olivia,A,2025-11-12,09:00,18:00
Olivia,A,2025-11-13,09:00,18:00
Olivia,A,2025-11-14,09:00,18:00
Olivia,A,2025-11-15,09:00,18:00
Olivia,休,2025-11-16,00:00,00:00
Olivia,休,2025-11-17,00:00,00:00
Olivia,A,2025-11-18,09:00,18:00
Olivia,A,2025-11-19,09:00,18:00
Olivia,A,2025-11-20,09:00,18:00
Olivia,A,2025-11-21,09:00,18:00
Olivia,A,2025-11-22,09:00,18:00
Olivia,休,2025-11-23,00:00,00:00
Olivia,休,2025-11-24,00:00,00:00
Olivia,休,2025-11-25,00:00,00:00
Olivia,休,2025-11-26,00:00,00:00
Olivia,A,2025-11-27,09:00,18:00
Olivia,A,2025-11-28,09:00,18:00
Olivia,A,2025-11-29,09:00,18:00
Olivia,休,2025-11-30,00:00,00:00
Adora,C,2025-10-1,18:00,03:00
Adora,C,2025-10-2,18:00,03:00
Adora,休,2025-10-3,00:00,00:00
Adora,休,2025-10-4,00:00,00:00
Adora,C,2025-10-5,18:00,03:00
Adora,C,2025-10-6,18:00,03:00
Adora,C,2025-10-7,18:00,03:00
Adora,C,2025-10-8,18:00,03:00
Adora,C,2025-10-9,18:00,03:00
Adora,休,2025-10-10,00:00,00:00
Adora,休,2025-10-11,00:00,00:00
Adora,C,2025-10-12,18:00,03:00
Adora,C,2025-10-13,18:00,03:00
Adora,C,2025-10-14,18:00,03:00
Adora,C,2025-10-15,18:00,03:00
Adora,C,2025-10-16,18:00,03:00
Adora,休,2025-10-17,00:00,00:00
Adora,休,2025-10-18,00:00,00:00
Adora,休,2025-10-19,00:00,00:00
Adora,休,2025-10-20,00:00,00:00
Adora,C,2025-10-21,18:00,03:00
Adora,C,2025-10-22,18:00,03:00
Adora,C,2025-10-23,18:00,03:00
Adora,C,2025-10-24,18:00,03:00
Adora,C,2025-10-25,18:00,03:00
Adora,休,2025-10-26,00:00,00:00
Adora,休,2025-10-27,00:00,00:00
Adora,C,2025-10-28,18:00,03:00
Adora,C,2025-10-29,18:00,03:00
Adora,C,2025-10-30,18:00,03:00
Adora,C,2025-10-31,18:00,03:00
Adora,休,2025-11-1,00:00,00:00
Adora,休,2025-11-2,00:00,00:00
Adora,B,2025-11-3,15:00,00:00
Adora,B,2025-11-4,15:00,00:00
Adora,B,2025-11-5,15:00,00:00
Adora,B,2025-11-6,15:00,00:00
Adora,休,2025-11-7,00:00,00:00
Adora,休,2025-11-8,00:00,00:00
Adora,休,2025-11-9,00:00,00:00
Adora,C,2025-11-10,18:00,03:00
Adora,C,2025-11-11,18:00,03:00
Adora,C,2025-11-12,18:00,03:00
Adora,C,2025-11-13,18:00,03:00
Adora,C,2025-11-14,18:00,03:00
Adora,休,2025-11-15,00:00,00:00
Adora,休,2025-11-16,00:00,00:00
Adora,B,2025-11-17,15:00,00:00
Adora,B,2025-11-18,15:00,00:00
Adora,B,2025-11-19,15:00,00:00
Adora,C,2025-11-20,18:00,03:00
Adora,C,2025-11-21,18:00,03:00
Adora,休,2025-11-22,00:00,00:00
Adora,休,2025-11-23,00:00,00:00
Adora,C,2025-11-24,18:00,03:00
Adora,C,2025-11-25,18:00,03:00
Adora,C,2025-11-26,18:00,03:00
Adora,C,2025-11-27,18:00,03:00
Adora,C,2025-11-28,18:00,03:00
Adora,休,2025-11-29,00:00,00:00
Adora,D,2025-11-30,23:00,08:00
Alice,休,2025-10-1,00:00,00:00
Alice,C,2025-10-2,18:00,03:00
Alice,C,2025-10-3,18:00,03:00
Alice,C,2025-10-4,18:00,03:00
Alice,C,2025-10-5,18:00,03:00
Alice,C,2025-10-6,18:00,03:00
Alice,C,2025-10-7,18:00,03:00
Alice,休,2025-10-8,00:00,00:00
Alice,休,2025-10-9,00:00,00:00
Alice,C,2025-10-10,18:00,03:00
Alice,C,2025-10-11,18:00,03:00
Alice,休,2025-10-12,00:00,00:00
Alice,休,2025-10-13,00:00,00:00
Alice,休,2025-10-14,00:00,00:00
Alice,休,2025-10-15,00:00,00:00
Alice,B,2025-10-16,15:00,00:00
Alice,B,2025-10-17,15:00,00:00
Alice,B,2025-10-18,15:00,00:00
Alice,B,2025-10-19,15:00,00:00
Alice,B,2025-10-20,15:00,00:00
Alice,休,2025-10-21,00:00,00:00
Alice,B,2025-10-22,15:00,00:00
Alice,B,2025-10-23,15:00,00:00
Alice,B,2025-10-24,15:00,00:00
Alice,C,2025-10-25,18:00,03:00
Alice,C,2025-10-26,18:00,03:00
Alice,C,2025-10-27,18:00,03:00
Alice,休,2025-10-28,00:00,00:00
Alice,休,2025-10-29,00:00,00:00
Alice,C,2025-10-30,18:00,03:00
Alice,C,2025-10-31,18:00,03:00
Alice,C,2025-11-1,18:00,03:00
Alice,休,2025-11-2,00:00,00:00
Alice,休,2025-11-3,00:00,00:00
Alice,休,2025-11-4,00:00,00:00
Alice,C,2025-11-5,18:00,03:00
Alice,C,2025-11-6,18:00,03:00
Alice,C,2025-11-7,18:00,03:00
Alice,B,2025-11-8,15:00,00:00
Alice,B,2025-11-9,15:00,00:00
Alice,D,2025-11-10,23:00,08:00
Alice,休,2025-11-11,00:00,00:00
Alice,休,2025-11-12,00:00,00:00
Alice,C,2025-11-13,18:00,03:00
Alice,C,2025-11-14,18:00,03:00
Alice,C,2025-11-15,18:00,03:00
Alice,C,2025-11-16,18:00,03:00
Alice,C,2025-11-17,18:00,03:00
Alice,C,2025-11-18,18:00,03:00
Alice,休,2025-11-19,00:00,00:00
Alice,休,2025-11-20,00:00,00:00
Alice,休,2025-11-21,00:00,00:00
Alice,B,2025-11-22,15:00,00:00
Alice,B,2025-11-23,15:00,00:00
Alice,C,2025-11-24,18:00,03:00
Alice,C,2025-11-25,18:00,03:00
Alice,C,2025-11-26,18:00,03:00
Alice,休,2025-11-27,00:00,00:00
Alice,休,2025-11-28,00:00,00:00
Alice,C,2025-11-29,18:00,03:00
Alice,C,2025-11-30,18:00,03:00
Penny,休,2025-10-1,00:00,00:00
Penny,A,2025-10-2,09:00,18:00
Penny,A,2025-10-3,09:00,18:00
Penny,A,2025-10-4,09:00,18:00
Penny,A,2025-10-5,09:00,18:00
Penny,A,2025-10-6,09:00,18:00
Penny,休,2025-10-7,00:00,00:00
Penny,A,2025-10-8,09:00,18:00
Penny,A,2025-10-9,09:00,18:00
Penny,A,2025-10-10,09:00,18:00
Penny,休,2025-10-11,00:00,00:00
Penny,休,2025-10-12,00:00,00:00
Penny,A,2025-10-13,09:00,18:00
Penny,A,2025-10-14,09:00,18:00
Penny,A,2025-10-15,09:00,18:00
Penny,A,2025-10-16,09:00,18:00
Penny,A,2025-10-17,09:00,18:00
Penny,休,2025-10-18,00:00,00:00
Penny,休,2025-10-19,00:00,00:00
Penny,休,2025-10-20,00:00,00:00
Penny,休,2025-10-21,00:00,00:00
Penny,A,2025-10-22,09:00,18:00
Penny,A,2025-10-23,09:00,18:00
Penny,A,2025-10-24,09:00,18:00
Penny,A,2025-10-25,09:00,18:00
Penny,休,2025-10-26,00:00,00:00
Penny,休,2025-10-27,00:00,00:00
Penny,A,2025-10-28,09:00,18:00
Penny,A,2025-10-29,09:00,18:00
Penny,A,2025-10-30,09:00,18:00
Penny,A,2025-10-31,09:00,18:00
Penny,A,2025-11-1,09:00,18:00
Penny,休,2025-11-2,00:00,00:00
Penny,A,2025-11-3,09:00,18:00
Penny,休,2025-11-4,00:00,00:00
Penny,A,2025-11-5,09:00,18:00
Penny,A,2025-11-6,09:00,18:00
Penny,A,2025-11-7,09:00,18:00
Penny,休,2025-11-8,00:00,00:00
Penny,A,2025-11-9,09:00,18:00
Penny,A,2025-11-10,09:00,18:00
Penny,休,2025-11-11,00:00,00:00
Penny,休,2025-11-12,00:00,00:00
Penny,A,2025-11-13,09:00,18:00
Penny,A,2025-11-14,09:00,18:00
Penny,A,2025-11-15,09:00,18:00
Penny,A,2025-11-16,09:00,18:00
Penny,A,2025-11-17,09:00,18:00
Penny,休,2025-11-18,00:00,00:00
Penny,休,2025-11-19,00:00,00:00
Penny,A,2025-11-20,09:00,18:00
Penny,A,2025-11-21,09:00,18:00
Penny,A,2025-11-22,09:00,18:00
Penny,A,2025-11-23,09:00,18:00
Penny,A,2025-11-24,09:00,18:00
Penny,休,2025-11-25,00:00,00:00
Penny,休,2025-11-26,00:00,00:00
Penny,休,2025-11-27,00:00,00:00
Penny,A,2025-11-28,09:00,18:00
Penny,A,2025-11-29,09:00,18:00
Penny,A,2025-11-30,09:00,18:00
Aiden,B,2025-10-1,15:00,00:00
Aiden,休,2025-10-2,00:00,00:00
Aiden,休,2025-10-3,00:00,00:00
Aiden,B,2025-10-4,15:00,00:00
Aiden,B,2025-10-5,15:00,00:00
Aiden,B,2025-10-6,15:00,00:00
Aiden,B,2025-10-7,15:00,00:00
Aiden,休,2025-10-8,00:00,00:00
Aiden,休,2025-10-9,00:00,00:00
Aiden,休,2025-10-10,00:00,00:00
Aiden,休,2025-10-11,00:00,00:00
Aiden,B,2025-10-12,15:00,00:00
Aiden,B,2025-10-13,15:00,00:00
Aiden,B,2025-10-14,15:00,00:00
Aiden,B,2025-10-15,15:00,00:00
Aiden,休,2025-10-16,00:00,00:00
Aiden,休,2025-10-17,00:00,00:00
Aiden,休,2025-10-18,00:00,00:00
Aiden,B,2025-10-19,15:00,00:00
Aiden,B,2025-10-20,15:00,00:00
Aiden,B,2025-10-21,15:00,00:00
Aiden,B,2025-10-22,15:00,00:00
Aiden,B,2025-10-23,15:00,00:00
Aiden,休,2025-10-24,00:00,00:00
Aiden,休,2025-10-25,00:00,00:00
Aiden,B,2025-10-26,15:00,00:00
Aiden,B,2025-10-27,15:00,00:00
Aiden,B,2025-10-28,15:00,00:00
Aiden,B,2025-10-29,15:00,00:00
Aiden,B,2025-10-30,15:00,00:00
Aiden,B,2025-10-31,15:00,00:00
Aiden,休,2025-11-1,00:00,00:00
Aiden,B,2025-11-2,15:00,00:00
Aiden,B,2025-11-3,15:00,00:00
Aiden,B,2025-11-4,15:00,00:00
Aiden,B,2025-11-5,15:00,00:00
Aiden,B,2025-11-6,15:00,00:00
Aiden,休,2025-11-7,00:00,00:00
Aiden,休,2025-11-8,00:00,00:00
Aiden,B,2025-11-9,15:00,00:00
Aiden,B,2025-11-10,15:00,00:00
Aiden,B,2025-11-11,15:00,00:00
Aiden,B,2025-11-12,15:00,00:00
Aiden,B,2025-11-13,15:00,00:00
Aiden,休,2025-11-14,00:00,00:00
Aiden,休,2025-11-15,00:00,00:00
Aiden,休,2025-11-16,00:00,00:00
Aiden,B,2025-11-17,15:00,00:00
Aiden,B,2025-11-18,15:00,00:00
Aiden,B,2025-11-19,15:00,00:00
Aiden,B,2025-11-20,15:00,00:00
Aiden,休,2025-11-21,00:00,00:00
Aiden,休,2025-11-22,00:00,00:00
Aiden,B,2025-11-23,15:00,00:00
Aiden,B,2025-11-24,15:00,00:00
Aiden,B,2025-11-25,15:00,00:00
Aiden,B,2025-11-26,15:00,00:00
Aiden,B,2025-11-27,15:00,00:00
Aiden,休,2025-11-28,00:00,00:00
Aiden,休,2025-11-29,00:00,00:00
Aiden,B,2025-11-30,15:00,00:00
Choumode,休,2025-10-1,00:00,00:00
Choumode,休,2025-10-2,00:00,00:00
Choumode,休,2025-10-3,00:00,00:00
Choumode,C,2025-10-4,18:00,03:00
Choumode,C,2025-10-5,18:00,03:00
Choumode,休,2025-10-6,00:00,00:00
Choumode,B,2025-10-7,15:00,00:00
Choumode,B,2025-10-8,15:00,00:00
Choumode,B,2025-10-9,15:00,00:00
Choumode,B,2025-10-10,15:00,00:00
Choumode,休,2025-10-11,00:00,00:00
Choumode,休,2025-10-12,00:00,00:00
Choumode,C,2025-10-13,18:00,03:00
Choumode,C,2025-10-14,18:00,03:00
Choumode,C,2025-10-15,18:00,03:00
Choumode,C,2025-10-16,18:00,03:00
Choumode,休,2025-10-17,00:00,00:00
Choumode,休,2025-10-18,00:00,00:00
Choumode,休,2025-10-19,00:00,00:00
Choumode,C,2025-10-20,18:00,03:00
Choumode,C,2025-10-21,18:00,03:00
Choumode,C,2025-10-22,18:00,03:00
Choumode,C,2025-10-23,18:00,03:00
Choumode,休,2025-10-24,00:00,00:00
Choumode,休,2025-10-25,00:00,00:00
Choumode,B,2025-10-26,15:00,00:00
Choumode,B,2025-10-27,15:00,00:00
Choumode,B,2025-10-28,15:00,00:00
Choumode,C,2025-10-29,18:00,03:00
Choumode,休,2025-10-30,00:00,00:00
Choumode,休,2025-10-31,00:00,00:00
Choumode,C,2025-11-1,18:00,03:00
Choumode,C,2025-11-2,18:00,03:00
Choumode,C,2025-11-3,18:00,03:00
Choumode,C,2025-11-4,18:00,03:00
Choumode,C,2025-11-5,18:00,03:00
Choumode,休,2025-11-6,00:00,00:00
Choumode,休,2025-11-7,00:00,00:00
Choumode,休,2025-11-8,00:00,00:00
Choumode,休,2025-11-9,00:00,00:00
Choumode,B,2025-11-10,15:00,00:00
Choumode,C,2025-11-11,18:00,03:00
Choumode,C,2025-11-12,18:00,03:00
Choumode,C,2025-11-13,18:00,03:00
Choumode,D,2025-11-14,23:00,08:00
Choumode,D,2025-11-15,23:00,08:00
Choumode,休,2025-11-16,00:00,00:00
Choumode,休,2025-11-17,00:00,00:00
Choumode,B,2025-11-18,15:00,00:00
Choumode,C,2025-11-19,18:00,03:00
Choumode,C,2025-11-20,18:00,03:00
Choumode,C,2025-11-21,18:00,03:00
Choumode,休,2025-11-22,00:00,00:00
Choumode,休,2025-11-23,00:00,00:00
Choumode,C,2025-11-24,18:00,03:00
Choumode,C,2025-11-25,18:00,03:00
Choumode,C,2025-11-26,18:00,03:00
Choumode,C,2025-11-27,18:00,03:00
Choumode,休,2025-11-28,00:00,00:00
Choumode,休,2025-11-29,00:00,00:00
Choumode,B,2025-11-30,15:00,00:00
Sugar,休,2025-10-1,00:00,00:00
Sugar,休,2025-10-2,00:00,00:00
Sugar,休,2025-10-3,00:00,00:00
Sugar,休,2025-10-4,00:00,00:00
Sugar,休,2025-10-5,00:00,00:00
Sugar,休,2025-10-6,00:00,00:00
Sugar,休,2025-10-7,00:00,00:00
Sugar,休,2025-10-8,00:00,00:00
Sugar,A,2025-10-9,09:00,18:00
Sugar,A,2025-10-10,09:00,18:00
Sugar,A,2025-10-11,09:00,18:00
Sugar,休,2025-10-12,00:00,00:00
Sugar,A,2025-10-13,09:00,18:00
Sugar,A,2025-10-14,09:00,18:00
Sugar,A,2025-10-15,09:00,18:00
Sugar,A,2025-10-16,09:00,18:00
Sugar,休,2025-10-17,00:00,00:00
Sugar,休,2025-10-18,00:00,00:00
Sugar,A,2025-10-19,09:00,18:00
Sugar,A,2025-10-20,09:00,18:00
Sugar,休,2025-10-21,00:00,00:00
Sugar,休,2025-10-22,00:00,00:00
Sugar,A,2025-10-23,09:00,18:00
Sugar,A,2025-10-24,09:00,18:00
Sugar,A,2025-10-25,09:00,18:00
Sugar,A,2025-10-26,09:00,18:00
Sugar,A,2025-10-27,09:00,18:00
Sugar,A,2025-10-28,09:00,18:00
Sugar,A,2025-10-29,09:00,18:00
Sugar,A,2025-10-30,09:00,18:00
Sugar,A,2025-10-31,09:00,18:00
Sugar,休,2025-11-1,00:00,00:00
Sugar,休,2025-11-2,00:00,00:00
Sugar,休,2025-11-3,00:00,00:00
Sugar,A,2025-11-4,09:00,18:00
Sugar,A,2025-11-5,09:00,18:00
Sugar,A,2025-11-6,09:00,18:00
Sugar,A,2025-11-7,09:00,18:00
Sugar,A,2025-11-8,09:00,18:00
Sugar,休,2025-11-9,00:00,00:00
Sugar,A,2025-11-10,09:00,18:00
Sugar,A,2025-11-11,09:00,18:00
Sugar,A,2025-11-12,09:00,18:00
Sugar,A,2025-11-13,09:00,18:00
Sugar,A,2025-11-14,09:00,18:00
Sugar,休,2025-11-15,00:00,00:00
Sugar,休,2025-11-16,00:00,00:00
Sugar,A,2025-11-17,09:00,18:00
Sugar,A,2025-11-18,09:00,18:00
Sugar,A,2025-11-19,09:00,18:00
Sugar,A,2025-11-20,09:00,18:00
Sugar,A,2025-11-21,09:00,18:00
Sugar,休,2025-11-22,00:00,00:00
Sugar,休,2025-11-23,00:00,00:00
Sugar,A,2025-11-24,09:00,18:00
Sugar,A,2025-11-25,09:00,18:00
Sugar,A,2025-11-26,09:00,18:00
Sugar,A,2025-11-27,09:00,18:00
Sugar,A,2025-11-28,09:00,18:00
Sugar,休,2025-11-29,00:00,00:00
Sugar,休,2025-11-30,00:00,00:00
Summer,B,2025-10-1,15:00,00:00
Summer,B,2025-10-2,15:00,00:00
Summer,休,2025-10-3,00:00,00:00
Summer,C,2025-10-4,18:00,03:00
Summer,C,2025-10-5,18:00,03:00
Summer,C,2025-10-6,18:00,03:00
Summer,C,2025-10-7,18:00,03:00
Summer,C,2025-10-8,18:00,03:00
Summer,C,2025-10-9,18:00,03:00
Summer,C,2025-10-10,18:00,03:00
Summer,休,2025-10-11,00:00,00:00
Summer,B,2025-10-12,15:00,00:00
Summer,B,2025-10-13,15:00,00:00
Summer,C,2025-10-14,18:00,03:00
Summer,C,2025-10-15,18:00,03:00
Summer,C,2025-10-16,18:00,03:00
Summer,休,2025-10-17,00:00,00:00
Summer,C,2025-10-18,18:00,03:00
Summer,C,2025-10-19,18:00,03:00
Summer,C,2025-10-20,18:00,03:00
Summer,C,2025-10-21,18:00,03:00
Summer,休,2025-10-22,00:00,00:00
Summer,休,2025-10-23,00:00,00:00
Summer,休,2025-10-24,00:00,00:00
Summer,休,2025-10-25,00:00,00:00
Summer,休,2025-10-26,00:00,00:00
Summer,休,2025-10-27,00:00,00:00
Summer,休,2025-10-28,00:00,00:00
Summer,B,2025-10-29,15:00,00:00
Summer,B,2025-10-30,15:00,00:00
Summer,B,2025-10-31,15:00,00:00
Summer,B,2025-11-1,15:00,00:00
Summer,B,2025-11-2,15:00,00:00
Summer,休,2025-11-3,00:00,00:00
Summer,B,2025-11-4,15:00,00:00
Summer,C,2025-11-5,18:00,03:00
Summer,C,2025-11-6,18:00,03:00
Summer,C,2025-11-7,18:00,03:00
Summer,C,2025-11-8,18:00,03:00
Summer,D,2025-11-9,23:00,08:00
Summer,休,2025-11-10,00:00,00:00
Summer,休,2025-11-11,00:00,00:00
Summer,B,2025-11-12,15:00,00:00
Summer,B,2025-11-13,15:00,00:00
Summer,B,2025-11-14,15:00,00:00
Summer,B,2025-11-15,15:00,00:00
Summer,休,2025-11-16,00:00,00:00
Summer,休,2025-11-17,00:00,00:00
Summer,休,2025-11-18,00:00,00:00
Summer,C,2025-11-19,18:00,03:00
Summer,C,2025-11-20,18:00,03:00
Summer,C,2025-11-21,18:00,03:00
Summer,D,2025-11-22,23:00,08:00
Summer,D,2025-11-23,23:00,08:00
Summer,休,2025-11-24,00:00,00:00
Summer,休,2025-11-25,00:00,00:00
Summer,休,2025-11-26,00:00,00:00
Summer,C,2025-11-27,18:00,03:00
Summer,C,2025-11-28,18:00,03:00
Summer,C,2025-11-29,18:00,03:00
Summer,休,2025-11-30,00:00,00:00
Elena,A,2025-10-1,09:00,18:00
Elena,休,2025-10-2,00:00,00:00
Elena,休,2025-10-3,00:00,00:00
Elena,A,2025-10-4,09:00,18:00
Elena,A,2025-10-5,09:00,18:00
Elena,A,2025-10-6,09:00,18:00
Elena,A,2025-10-7,09:00,18:00
Elena,A,2025-10-8,09:00,18:00
Elena,休,2025-10-9,00:00,00:00
Elena,休,2025-10-10,00:00,00:00
Elena,A,2025-10-11,09:00,18:00
Elena,A,2025-10-12,09:00,18:00
Elena,休,2025-10-13,00:00,00:00
Elena,A,2025-10-14,09:00,18:00
Elena,A,2025-10-15,09:00,18:00
Elena,休,2025-10-16,00:00,00:00
Elena,休,2025-10-17,00:00,00:00
Elena,A,2025-10-18,09:00,18:00
Elena,A,2025-10-19,09:00,18:00
Elena,A,2025-10-20,09:00,18:00
Elena,A,2025-10-21,09:00,18:00
Elena,A,2025-10-22,09:00,18:00
Elena,A,2025-10-23,09:00,18:00
Elena,休,2025-10-24,00:00,00:00
Elena,A,2025-10-25,09:00,18:00
Elena,A,2025-10-26,09:00,18:00
Elena,A,2025-10-27,09:00,18:00
Elena,A,2025-10-28,09:00,18:00
Elena,休,2025-10-29,00:00,00:00
Elena,休,2025-10-30,00:00,00:00
Elena,休,2025-10-31,00:00,00:00
Elena,休,2025-11-1,00:00,00:00
Elena,休,2025-11-2,00:00,00:00
Elena,A,2025-11-3,09:00,18:00
Elena,A,2025-11-4,09:00,18:00
Elena,A,2025-11-5,09:00,18:00
Elena,A,2025-11-6,09:00,18:00
Elena,A,2025-11-7,09:00,18:00
Elena,休,2025-11-8,00:00,00:00
Elena,休,2025-11-9,00:00,00:00
Elena,休,2025-11-10,00:00,00:00
Elena,A,2025-11-11,09:00,18:00
Elena,A,2025-11-12,09:00,18:00
Elena,A,2025-11-13,09:00,18:00
Elena,A,2025-11-14,09:00,18:00
Elena,休,2025-11-15,00:00,00:00
Elena,A,2025-11-16,09:00,18:00
Elena,A,2025-11-17,09:00,18:00
Elena,A,2025-11-18,09:00,18:00
Elena,A,2025-11-19,09:00,18:00
Elena,A,2025-11-20,09:00,18:00
Elena,休,2025-11-21,00:00,00:00
Elena,休,2025-11-22,00:00,00:00
Elena,A,2025-11-23,09:00,18:00
Elena,A,2025-11-24,09:00,18:00
Elena,A,2025-11-25,09:00,18:00
Elena,A,2025-11-26,09:00,18:00
Elena,A,2025-11-27,09:00,18:00
Elena,休,2025-11-28,00:00,00:00
Elena,休,2025-11-29,00:00,00:00
Elena,A,2025-11-30,09:00,18:00
Melody,B,2025-10-1,15:00,00:00
Melody,B,2025-10-2,15:00,00:00
Melody,休,2025-10-3,00:00,00:00
Melody,休,2025-10-4,00:00,00:00
Melody,休,2025-10-5,00:00,00:00
Melody,B,2025-10-6,15:00,00:00
Melody,B,2025-10-7,15:00,00:00
Melody,B,2025-10-8,15:00,00:00
Melody,B,2025-10-9,15:00,00:00
Melody,休,2025-10-10,00:00,00:00
Melody,休,2025-10-11,00:00,00:00
Melody,B,2025-10-12,15:00,00:00
Melody,B,2025-10-13,15:00,00:00
Melody,B,2025-10-14,15:00,00:00
Melody,B,2025-10-15,15:00,00:00
Melody,B,2025-10-16,15:00,00:00
Melody,休,2025-10-17,00:00,00:00
Melody,B,2025-10-18,15:00,00:00
Melody,B,2025-10-19,15:00,00:00
Melody,B,2025-10-20,15:00,00:00
Melody,B,2025-10-21,15:00,00:00
Melody,B,2025-10-22,15:00,00:00
Melody,B,2025-10-23,15:00,00:00
Melody,休,2025-10-24,00:00,00:00
Melody,B,2025-10-25,15:00,00:00
Melody,B,2025-10-26,15:00,00:00
Melody,B,2025-10-27,15:00,00:00
Melody,B,2025-10-28,15:00,00:00
Melody,休,2025-10-29,00:00,00:00
Melody,休,2025-10-30,00:00,00:00
Melody,休,2025-10-31,00:00,00:00
Melody,休,2025-11-1,00:00,00:00
Melody,休,2025-11-2,00:00,00:00
Melody,休,2025-11-3,00:00,00:00
Melody,B,2025-11-4,15:00,00:00
Melody,B,2025-11-5,15:00,00:00
Melody,B,2025-11-6,15:00,00:00
Melody,休,2025-11-7,00:00,00:00
Melody,休,2025-11-8,00:00,00:00
Melody,B,2025-11-9,15:00,00:00
Melody,B,2025-11-10,15:00,00:00
Melody,B,2025-11-11,15:00,00:00
Melody,B,2025-11-12,15:00,00:00
Melody,B,2025-11-13,15:00,00:00
Melody,休,2025-11-14,00:00,00:00
Melody,休,2025-11-15,00:00,00:00
Melody,B,2025-11-16,15:00,00:00
Melody,B,2025-11-17,15:00,00:00
Melody,B,2025-11-18,15:00,00:00
Melody,B,2025-11-19,15:00,00:00
Melody,B,2025-11-20,15:00,00:00
Melody,休,2025-11-21,00:00,00:00
Melody,休,2025-11-22,00:00,00:00
Melody,B,2025-11-23,15:00,00:00
Melody,B,2025-11-24,15:00,00:00
Melody,B,2025-11-25,15:00,00:00
Melody,B,2025-11-26,15:00,00:00
Melody,B,2025-11-27,15:00,00:00
Melody,B,2025-11-28,15:00,00:00
Melody,休,2025-11-29,00:00,00:00
Melody,B,2025-11-30,15:00,00:00
Eithan,B,2025-10-1,15:00,00:00
Eithan,B,2025-10-2,15:00,00:00
Eithan,B,2025-10-3,15:00,00:00
Eithan,休,2025-10-4,00:00,00:00
Eithan,休,2025-10-5,00:00,00:00
Eithan,休,2025-10-6,00:00,00:00
Eithan,B,2025-10-7,15:00,00:00
Eithan,B,2025-10-8,15:00,00:00
Eithan,B,2025-10-9,15:00,00:00
Eithan,B,2025-10-10,15:00,00:00
Eithan,B,2025-10-11,15:00,00:00
Eithan,休,2025-10-12,00:00,00:00
Eithan,休,2025-10-13,00:00,00:00
Eithan,休,2025-10-14,00:00,00:00
Eithan,B,2025-10-15,15:00,00:00
Eithan,B,2025-10-16,15:00,00:00
Eithan,B,2025-10-17,15:00,00:00
Eithan,休,2025-10-18,00:00,00:00
Eithan,休,2025-10-19,00:00,00:00
Eithan,休,2025-10-20,00:00,00:00
Eithan,B,2025-10-21,15:00,00:00
Eithan,B,2025-10-22,15:00,00:00
Eithan,B,2025-10-23,15:00,00:00
Eithan,B,2025-10-24,15:00,00:00
Eithan,B,2025-10-25,15:00,00:00
Eithan,休,2025-10-26,00:00,00:00
Eithan,B,2025-10-27,15:00,00:00
Eithan,B,2025-10-28,15:00,00:00
Eithan,B,2025-10-29,15:00,00:00
Eithan,B,2025-10-30,15:00,00:00
Eithan,B,2025-10-31,15:00,00:00
Eithan,B,2025-11-1,15:00,00:00
Eithan,休,2025-11-2,00:00,00:00
Eithan,休,2025-11-3,00:00,00:00
Eithan,休,2025-11-4,00:00,00:00
Eithan,B,2025-11-5,15:00,00:00
Eithan,B,2025-11-6,15:00,00:00
Eithan,B,2025-11-7,15:00,00:00
Eithan,B,2025-11-8,15:00,00:00
Eithan,休,2025-11-9,00:00,00:00
Eithan,休,2025-11-10,00:00,00:00
Eithan,B,2025-11-11,15:00,00:00
Eithan,B,2025-11-12,15:00,00:00
Eithan,B,2025-11-13,15:00,00:00
Eithan,B,2025-11-14,15:00,00:00
Eithan,B,2025-11-15,15:00,00:00
Eithan,B,2025-11-16,15:00,00:00
Eithan,休,2025-11-17,00:00,00:00
Eithan,休,2025-11-18,00:00,00:00
Eithan,B,2025-11-19,15:00,00:00
Eithan,B,2025-11-20,15:00,00:00
Eithan,B,2025-11-21,15:00,00:00
Eithan,B,2025-11-22,15:00,00:00
Eithan,休,2025-11-23,00:00,00:00
Eithan,休,2025-11-24,00:00,00:00
Eithan,B,2025-11-25,15:00,00:00
Eithan,B,2025-11-26,15:00,00:00
Eithan,B,2025-11-27,15:00,00:00
Eithan,B,2025-11-28,15:00,00:00
Eithan,B,2025-11-29,15:00,00:00
Eithan,休,2025-11-30,00:00,00:00
Lyssie,休,2025-10-1,00:00,00:00
Lyssie,休,2025-10-2,00:00,00:00
Lyssie,休,2025-10-3,00:00,00:00
Lyssie,休,2025-10-4,00:00,00:00
Lyssie,休,2025-10-5,00:00,00:00
Lyssie,休,2025-10-6,00:00,00:00
Lyssie,休,2025-10-7,00:00,00:00
Lyssie,休,2025-10-8,00:00,00:00
Lyssie,A,2025-10-9,09:00,18:00
Lyssie,A,2025-10-10,09:00,18:00
Lyssie,A,2025-10-11,09:00,18:00
Lyssie,休,2025-10-12,00:00,00:00
Lyssie,A,2025-10-13,09:00,18:00
Lyssie,A,2025-10-14,09:00,18:00
Lyssie,A,2025-10-15,09:00,18:00
Lyssie,A,2025-10-16,09:00,18:00
Lyssie,A,2025-10-17,09:00,18:00
Lyssie,休,2025-10-18,00:00,00:00
Lyssie,休,2025-10-19,00:00,00:00
Lyssie,A,2025-10-20,09:00,18:00
Lyssie,A,2025-10-21,09:00,18:00
Lyssie,A,2025-10-22,09:00,18:00
Lyssie,A,2025-10-23,09:00,18:00
Lyssie,A,2025-10-24,09:00,18:00
Lyssie,A,2025-10-25,09:00,18:00
Lyssie,休,2025-10-26,00:00,00:00
Lyssie,A,2025-10-27,09:00,18:00
Lyssie,A,2025-10-28,09:00,18:00
Lyssie,A,2025-10-29,09:00,18:00
Lyssie,A,2025-10-30,09:00,18:00
Lyssie,休,2025-10-31,00:00,00:00
Lyssie,休,2025-11-1,00:00,00:00
Lyssie,休,2025-11-2,00:00,00:00
Lyssie,A,2025-11-3,09:00,18:00
Lyssie,A,2025-11-4,09:00,18:00
Lyssie,A,2025-11-5,09:00,18:00
Lyssie,A,2025-11-6,09:00,18:00
Lyssie,A,2025-11-7,09:00,18:00
Lyssie,休,2025-11-8,00:00,00:00
Lyssie,休,2025-11-9,00:00,00:00
Lyssie,A,2025-11-10,09:00,18:00
Lyssie,A,2025-11-11,09:00,18:00
Lyssie,A,2025-11-12,09:00,18:00
Lyssie,A,2025-11-13,09:00,18:00
Lyssie,A,2025-11-14,09:00,18:00
Lyssie,休,2025-11-15,00:00,00:00
Lyssie,休,2025-11-16,00:00,00:00
Lyssie,A,2025-11-17,09:00,18:00
Lyssie,A,2025-11-18,09:00,18:00
Lyssie,A,2025-11-19,09:00,18:00
Lyssie,A,2025-11-20,09:00,18:00
Lyssie,A,2025-11-21,09:00,18:00
Lyssie,休,2025-11-22,00:00,00:00
Lyssie,休,2025-11-23,00:00,00:00
Lyssie,A,2025-11-24,09:00,18:00
Lyssie,A,2025-11-25,09:00,18:00
Lyssie,A,2025-11-26,09:00,18:00
Lyssie,A,2025-11-27,09:00,18:00
Lyssie,A,2025-11-28,09:00,18:00
Lyssie,休,2025-11-29,00:00,00:00
Lyssie,休,2025-11-30,00:00,00:00
Maxine,休,2025-10-1,00:00,00:00
Maxine,休,2025-10-2,00:00,00:00
Maxine,休,2025-10-3,00:00,00:00
Maxine,休,2025-10-4,00:00,00:00
Maxine,休,2025-10-5,00:00,00:00
Maxine,C,2025-10-6,18:00,03:00
Maxine,C,2025-10-7,18:00,03:00
Maxine,C,2025-10-8,18:00,03:00
Maxine,C,2025-10-9,18:00,03:00
Maxine,休,2025-10-10,00:00,00:00
Maxine,B,2025-10-11,15:00,00:00
Maxine,休,2025-10-12,00:00,00:00
Maxine,B,2025-10-13,15:00,00:00
Maxine,B,2025-10-14,15:00,00:00
Maxine,B,2025-10-15,15:00,00:00
Maxine,B,2025-10-16,15:00,00:00
Maxine,B,2025-10-17,15:00,00:00
Maxine,休,2025-10-18,00:00,00:00
Maxine,休,2025-10-19,00:00,00:00
Maxine,休,2025-10-20,00:00,00:00
Maxine,B,2025-10-21,15:00,00:00
Maxine,C,2025-10-22,18:00,03:00
Maxine,C,2025-10-23,18:00,03:00
Maxine,C,2025-10-24,18:00,03:00
Maxine,休,2025-10-25,00:00,00:00
Maxine,休,2025-10-26,00:00,00:00
Maxine,C,2025-10-27,18:00,03:00
Maxine,C,2025-10-28,18:00,03:00
Maxine,B,2025-10-29,15:00,00:00
Maxine,B,2025-10-30,15:00,00:00
Maxine,C,2025-10-31,18:00,03:00
Maxine,休,2025-11-1,00:00,00:00
Maxine,休,2025-11-2,00:00,00:00
Maxine,C,2025-11-3,18:00,03:00
Maxine,C,2025-11-4,18:00,03:00
Maxine,C,2025-11-5,18:00,03:00
Maxine,C,2025-11-6,18:00,03:00
Maxine,C,2025-11-7,18:00,03:00
Maxine,休,2025-11-8,00:00,00:00
Maxine,休,2025-11-9,00:00,00:00
Maxine,B,2025-11-10,15:00,00:00
Maxine,B,2025-11-11,15:00,00:00
Maxine,C,2025-11-12,18:00,03:00
Maxine,C,2025-11-13,18:00,03:00
Maxine,C,2025-11-14,18:00,03:00
Maxine,休,2025-11-15,00:00,00:00
Maxine,休,2025-11-16,00:00,00:00
Maxine,休,2025-11-17,00:00,00:00
Maxine,C,2025-11-18,18:00,03:00
Maxine,C,2025-11-19,18:00,03:00
Maxine,D,2025-11-20,23:00,08:00
Maxine,D,2025-11-21,23:00,08:00
Maxine,休,2025-11-22,00:00,00:00
Maxine,休,2025-11-23,00:00,00:00
Maxine,B,2025-11-24,15:00,00:00
Maxine,C,2025-11-25,18:00,03:00
Maxine,C,2025-11-26,18:00,03:00
Maxine,C,2025-11-27,18:00,03:00
Maxine,C,2025-11-28,18:00,03:00
Maxine,D,2025-11-29,23:00,08:00
Maxine,休,2025-11-30,00:00,00:00
Bob,休,2025-10-1,00:00,00:00
Bob,休,2025-10-2,00:00,00:00
Bob,A,2025-10-3,09:00,18:00
Bob,A,2025-10-4,09:00,18:00
Bob,A,2025-10-5,09:00,18:00
Bob,休,2025-10-6,00:00,00:00
Bob,休,2025-10-7,00:00,00:00
Bob,A,2025-10-8,09:00,18:00
Bob,A,2025-10-9,09:00,18:00
Bob,A,2025-10-10,09:00,18:00
Bob,A,2025-10-11,09:00,18:00
Bob,休,2025-10-12,00:00,00:00
Bob,A,2025-10-13,09:00,18:00
Bob,A,2025-10-14,09:00,18:00
Bob,A,2025-10-15,09:00,18:00
Bob,A,2025-10-16,09:00,18:00
Bob,A,2025-10-17,09:00,18:00
Bob,A,2025-10-18,09:00,18:00
Bob,休,2025-10-19,00:00,00:00
Bob,休,2025-10-20,00:00,00:00
Bob,A,2025-10-21,09:00,18:00
Bob,A,2025-10-22,09:00,18:00
Bob,A,2025-10-23,09:00,18:00
Bob,A,2025-10-24,09:00,18:00
Bob,休,2025-10-25,00:00,00:00
Bob,休,2025-10-26,00:00,00:00
Bob,A,2025-10-27,09:00,18:00
Bob,A,2025-10-28,09:00,18:00
Bob,休,2025-10-29,00:00,00:00
Bob,休,2025-10-30,00:00,00:00
Bob,休,2025-10-31,00:00,00:00
Bob,A,2025-11-1,09:00,18:00
Bob,A,2025-11-2,09:00,18:00
Bob,A,2025-11-3,09:00,18:00
Bob,A,2025-11-4,09:00,18:00
Bob,A,2025-11-5,09:00,18:00
Bob,休,2025-11-6,00:00,00:00
Bob,A,2025-11-7,09:00,18:00
Bob,A,2025-11-8,09:00,18:00
Bob,A,2025-11-9,09:00,18:00
Bob,A,2025-11-10,09:00,18:00
Bob,休,2025-11-11,00:00,00:00
Bob,休,2025-11-12,00:00,00:00
Bob,休,2025-11-13,00:00,00:00
Bob,A,2025-11-14,09:00,18:00
Bob,A,2025-11-15,09:00,18:00
Bob,A,2025-11-16,09:00,18:00
Bob,A,2025-11-17,09:00,18:00
Bob,休,2025-11-18,00:00,00:00
Bob,休,2025-11-19,00:00,00:00
Bob,休,2025-11-20,00:00,00:00
Bob,A,2025-11-21,09:00,18:00
Bob,A,2025-11-22,09:00,18:00
Bob,A,2025-11-23,09:00,18:00
Bob,A,2025-11-24,09:00,18:00
Bob,A,2025-11-25,09:00,18:00
Bob,休,2025-11-26,00:00,00:00
Bob,休,2025-11-27,00:00,00:00
Bob,休,2025-11-28,00:00,00:00
Bob,A,2025-11-29,09:00,18:00
Bob,A,2025-11-30,09:00,18:00
CiCi,休,2025-10-1,00:00,00:00
CiCi,休,2025-10-2,00:00,00:00
CiCi,休,2025-10-3,00:00,00:00
CiCi,休,2025-10-4,00:00,00:00
CiCi,休,2025-10-5,00:00,00:00
CiCi,休,2025-10-6,00:00,00:00
CiCi,休,2025-10-7,00:00,00:00
CiCi,休,2025-10-8,00:00,00:00
CiCi,A,2025-10-9,09:00,18:00
CiCi,A,2025-10-10,09:00,18:00
CiCi,A,2025-10-11,09:00,18:00
CiCi,休,2025-10-12,00:00,00:00
CiCi,A,2025-10-13,09:00,18:00
CiCi,A,2025-10-14,09:00,18:00
CiCi,A,2025-10-15,09:00,18:00
CiCi,A,2025-10-16,09:00,18:00
CiCi,A,2025-10-17,09:00,18:00
CiCi,休,2025-10-18,00:00,00:00
CiCi,休,2025-10-19,00:00,00:00
CiCi,A,2025-10-20,09:00,18:00
CiCi,A,2025-10-21,09:00,18:00
CiCi,A,2025-10-22,09:00,18:00
CiCi,A,2025-10-23,09:00,18:00
CiCi,A,2025-10-24,09:00,18:00
CiCi,休,2025-10-25,00:00,00:00
CiCi,休,2025-10-26,00:00,00:00
CiCi,A,2025-10-27,09:00,18:00
CiCi,A,2025-10-28,09:00,18:00
CiCi,A,2025-10-29,09:00,18:00
CiCi,A,2025-10-30,09:00,18:00
CiCi,A,2025-10-31,09:00,18:00
CiCi,休,2025-11-1,00:00,00:00
CiCi,休,2025-11-2,00:00,00:00
CiCi,A,2025-11-3,09:00,18:00
CiCi,A,2025-11-4,09:00,18:00
CiCi,A,2025-11-5,09:00,18:00
CiCi,A,2025-11-6,09:00,18:00
CiCi,A,2025-11-7,09:00,18:00
CiCi,休,2025-11-8,00:00,00:00
CiCi,休,2025-11-9,00:00,00:00
CiCi,离职,2025-11-10,00:00,00:00
CiCi,离职,2025-11-11,00:00,00:00
CiCi,离职,2025-11-12,00:00,00:00
CiCi,离职,2025-11-13,00:00,00:00
CiCi,离职,2025-11-14,00:00,00:00
CiCi,离职,2025-11-15,00:00,00:00
CiCi,离职,2025-11-16,00:00,00:00
CiCi,离职,2025-11-17,00:00,00:00
CiCi,离职,2025-11-18,00:00,00:00
CiCi,离职,2025-11-19,00:00,00:00
CiCi,离职,2025-11-20,00:00,00:00
CiCi,离职,2025-11-21,00:00,00:00
CiCi,离职,2025-11-22,00:00,00:00
CiCi,离职,2025-11-23,00:00,00:00
CiCi,离职,2025-11-24,00:00,00:00
CiCi,离职,2025-11-25,00:00,00:00
CiCi,离职,2025-11-26,00:00,00:00
CiCi,离职,2025-11-27,00:00,00:00
CiCi,离职,2025-11-28,00:00,00:00
CiCi,离职,2025-11-29,00:00,00:00
CiCi,离职,2025-11-30,00:00,00:00
John,C,2025-10-1,18:00,03:00
John,C,2025-10-2,18:00,03:00
John,B,2025-10-3,15:00,00:00
John,B,2025-10-4,15:00,00:00
John,休,2025-10-5,00:00,00:00
John,休,2025-10-6,00:00,00:00
John,休,2025-10-7,00:00,00:00
John,C,2025-10-8,18:00,03:00
John,C,2025-10-9,18:00,03:00
John,B,2025-10-10,15:00,00:00
John,休,2025-10-11,00:00,00:00
John,休,2025-10-12,00:00,00:00
John,C,2025-10-13,18:00,03:00
John,C,2025-10-14,18:00,03:00
John,C,2025-10-15,18:00,03:00
John,C,2025-10-16,18:00,03:00
John,B,2025-10-17,15:00,00:00
John,休,2025-10-18,00:00,00:00
John,休,2025-10-19,00:00,00:00
John,休,2025-10-20,00:00,00:00
John,C,2025-10-21,18:00,03:00
John,C,2025-10-22,18:00,03:00
John,C,2025-10-23,18:00,03:00
John,B,2025-10-24,15:00,00:00
John,休,2025-10-25,00:00,00:00
John,休,2025-10-26,00:00,00:00
John,C,2025-10-27,18:00,03:00
John,C,2025-10-28,18:00,03:00
John,C,2025-10-29,18:00,03:00
John,C,2025-10-30,18:00,03:00
John,B,2025-10-31,15:00,00:00
John,休,2025-11-1,00:00,00:00
John,休,2025-11-2,00:00,00:00
John,C,2025-11-3,18:00,03:00
John,C,2025-11-4,18:00,03:00
John,C,2025-11-5,18:00,03:00
John,C,2025-11-6,18:00,03:00
John,B,2025-11-7,15:00,00:00
John,休,2025-11-8,00:00,00:00
John,休,2025-11-9,00:00,00:00
John,C,2025-11-10,18:00,03:00
John,C,2025-11-11,18:00,03:00
John,C,2025-11-12,18:00,03:00
John,C,2025-11-13,18:00,03:00
John,B,2025-11-14,15:00,00:00
John,休,2025-11-15,00:00,00:00
John,休,2025-11-16,00:00,00:00
John,C,2025-11-17,18:00,03:00
John,C,2025-11-18,18:00,03:00
John,C,2025-11-19,18:00,03:00
John,C,2025-11-20,18:00,03:00
John,B,2025-11-21,15:00,00:00
John,休,2025-11-22,00:00,00:00
John,休,2025-11-23,00:00,00:00
John,C,2025-11-24,18:00,03:00
John,C,2025-11-25,18:00,03:00
John,C,2025-11-26,18:00,03:00
John,C,2025-11-27,18:00,03:00
John,B,2025-11-28,15:00,00:00
John,休,2025-11-29,00:00,00:00
John,休,2025-11-30,00:00,00:00
Charlotte,休,2025-10-1,00:00,00:00
Charlotte,休,2025-10-2,00:00,00:00
Charlotte,休,2025-10-3,00:00,00:00
Charlotte,休,2025-10-4,00:00,00:00
Charlotte,休,2025-10-5,00:00,00:00
Charlotte,休,2025-10-6,00:00,00:00
Charlotte,休,2025-10-7,00:00,00:00
Charlotte,B,2025-10-8,15:00,00:00
Charlotte,B,2025-10-9,15:00,00:00
Charlotte,B,2025-10-10,15:00,00:00
Charlotte,B,2025-10-11,15:00,00:00
Charlotte,B,2025-10-12,15:00,00:00
Charlotte,休,2025-10-13,00:00,00:00
Charlotte,B,2025-10-14,15:00,00:00
Charlotte,C,2025-10-15,18:00,03:00
Charlotte,C,2025-10-16,18:00,03:00
Charlotte,C,2025-10-17,18:00,03:00
Charlotte,休,2025-10-18,00:00,00:00
Charlotte,休,2025-10-19,00:00,00:00
Charlotte,休,2025-10-20,00:00,00:00
Charlotte,C,2025-10-21,18:00,03:00
Charlotte,C,2025-10-22,18:00,03:00
Charlotte,C,2025-10-23,18:00,03:00
Charlotte,C,2025-10-24,18:00,03:00
Charlotte,C,2025-10-25,18:00,03:00
Charlotte,C,2025-10-26,18:00,03:00
Charlotte,休,2025-10-27,00:00,00:00
Charlotte,休,2025-10-28,00:00,00:00
Charlotte,C,2025-10-29,18:00,03:00
Charlotte,C,2025-10-30,18:00,03:00
Charlotte,C,2025-10-31,18:00,03:00
Charlotte,C,2025-11-1,18:00,03:00
Charlotte,C,2025-11-2,18:00,03:00
Charlotte,休,2025-11-3,00:00,00:00
Charlotte,休,2025-11-4,00:00,00:00
Charlotte,B,2025-11-5,15:00,00:00
Charlotte,B,2025-11-6,15:00,00:00
Charlotte,B,2025-11-7,15:00,00:00
Charlotte,B,2025-11-8,15:00,00:00
Charlotte,B,2025-11-9,15:00,00:00
Charlotte,休,2025-11-10,00:00,00:00
Charlotte,休,2025-11-11,00:00,00:00
Charlotte,休,2025-11-12,00:00,00:00
Charlotte,C,2025-11-13,18:00,03:00
Charlotte,C,2025-11-14,18:00,03:00
Charlotte,C,2025-11-15,18:00,03:00
Charlotte,D,2025-11-16,23:00,08:00
Charlotte,D,2025-11-17,23:00,08:00
Charlotte,休,2025-11-18,00:00,00:00
Charlotte,休,2025-11-19,00:00,00:00
Charlotte,C,2025-11-20,18:00,03:00
Charlotte,C,2025-11-21,18:00,03:00
Charlotte,C,2025-11-22,18:00,03:00
Charlotte,C,2025-11-23,18:00,03:00
Charlotte,C,2025-11-24,18:00,03:00
Charlotte,休,2025-11-25,00:00,00:00
Charlotte,休,2025-11-26,00:00,00:00
Charlotte,休,2025-11-27,00:00,00:00
Charlotte,C,2025-11-28,18:00,03:00
Charlotte,C,2025-11-29,18:00,03:00
Charlotte,C,2025-11-30,18:00,03:00
Strange,休,2025-10-1,00:00,00:00
Strange,休,2025-10-2,00:00,00:00
Strange,休,2025-10-3,00:00,00:00
Strange,休,2025-10-4,00:00,00:00
Strange,休,2025-10-5,00:00,00:00
Strange,休,2025-10-6,00:00,00:00
Strange,休,2025-10-7,00:00,00:00
Strange,休,2025-10-8,00:00,00:00
Strange,D,2025-10-9,23:00,08:00
Strange,D,2025-10-10,23:00,08:00
Strange,D,2025-10-11,23:00,08:00
Strange,D,2025-10-12,23:00,08:00
Strange,D,2025-10-13,23:00,08:00
Strange,D,2025-10-14,23:00,08:00
Strange,休,2025-10-15,00:00,00:00
Strange,D,2025-10-16,23:00,08:00
Strange,D,2025-10-17,23:00,08:00
Strange,D,2025-10-18,23:00,08:00
Strange,D,2025-10-19,23:00,08:00
Strange,D,2025-10-20,23:00,08:00
Strange,休,2025-10-21,00:00,00:00
Strange,休,2025-10-22,00:00,00:00
Strange,D,2025-10-23,23:00,08:00
Strange,D,2025-10-24,23:00,08:00
Strange,D,2025-10-25,23:00,08:00
Strange,D,2025-10-26,23:00,08:00
Strange,D,2025-10-27,23:00,08:00
Strange,休,2025-10-28,00:00,00:00
Strange,休,2025-10-29,00:00,00:00
Strange,D,2025-10-30,23:00,08:00
Strange,D,2025-10-31,23:00,08:00
Strange,休,2025-11-1,00:00,00:00
Strange,休,2025-11-2,00:00,00:00
Strange,C,2025-11-3,18:00,03:00
Strange,C,2025-11-4,18:00,03:00
Strange,D,2025-11-5,23:00,08:00
Strange,D,2025-11-6,23:00,08:00
Strange,D,2025-11-7,23:00,08:00
Strange,D,2025-11-8,23:00,08:00
Strange,休,2025-11-9,00:00,00:00
Strange,休,2025-11-10,00:00,00:00
Strange,C,2025-11-11,18:00,03:00
Strange,C,2025-11-12,18:00,03:00
Strange,C,2025-11-13,18:00,03:00
Strange,C,2025-11-14,18:00,03:00
Strange,C,2025-11-15,18:00,03:00
Strange,休,2025-11-16,00:00,00:00
Strange,休,2025-11-17,00:00,00:00
Strange,C,2025-11-18,18:00,03:00
Strange,C,2025-11-19,18:00,03:00
Strange,C,2025-11-20,18:00,03:00
Strange,C,2025-11-21,18:00,03:00
Strange,休,2025-11-22,00:00,00:00
Strange,休,2025-11-23,00:00,00:00
Strange,C,2025-11-24,18:00,03:00
Strange,C,2025-11-25,18:00,03:00
Strange,D,2025-11-26,23:00,08:00
Strange,D,2025-11-27,23:00,08:00
Strange,D,2025-11-28,23:00,08:00
Strange,休,2025-11-29,00:00,00:00
Strange,休,2025-11-30,00:00,00:00
Stella,休,2025-10-1,00:00,00:00
Stella,休,2025-10-2,00:00,00:00
Stella,休,2025-10-3,00:00,00:00
Stella,休,2025-10-4,00:00,00:00
Stella,休,2025-10-5,00:00,00:00
Stella,休,2025-10-6,00:00,00:00
Stella,A,2025-10-7,09:00,18:00
Stella,A,2025-10-8,09:00,18:00
Stella,休,2025-10-9,00:00,00:00
Stella,休,2025-10-10,00:00,00:00
Stella,A,2025-10-11,09:00,18:00
Stella,A,2025-10-12,09:00,18:00
Stella,A,2025-10-13,09:00,18:00
Stella,A,2025-10-14,09:00,18:00
Stella,A,2025-10-15,09:00,18:00
Stella,休,2025-10-16,00:00,00:00
Stella,A,2025-10-17,09:00,18:00
Stella,休,2025-10-18,00:00,00:00
Stella,A,2025-10-19,09:00,18:00
Stella,A,2025-10-20,09:00,18:00
Stella,A,2025-10-21,09:00,18:00
Stella,A,2025-10-22,09:00,18:00
Stella,A,2025-10-23,09:00,18:00
Stella,休,2025-10-24,00:00,00:00
Stella,休,2025-10-25,00:00,00:00
Stella,A,2025-10-26,09:00,18:00
Stella,A,2025-10-27,09:00,18:00
Stella,A,2025-10-28,09:00,18:00
Stella,A,2025-10-29,09:00,18:00
Stella,A,2025-10-30,09:00,18:00
Stella,A,2025-10-31,09:00,18:00
Stella,休,2025-11-1,00:00,00:00
Stella,A,2025-11-2,09:00,18:00
Stella,A,2025-11-3,09:00,18:00
Stella,A,2025-11-4,09:00,18:00
Stella,A,2025-11-5,09:00,18:00
Stella,休,2025-11-6,00:00,00:00
Stella,休,2025-11-7,00:00,00:00
Stella,A,2025-11-8,09:00,18:00
Stella,A,2025-11-9,09:00,18:00
Stella,A,2025-11-10,09:00,18:00
Stella,A,2025-11-11,09:00,18:00
Stella,A,2025-11-12,09:00,18:00
Stella,休,2025-11-13,00:00,00:00
Stella,休,2025-11-14,00:00,00:00
Stella,休,2025-11-15,00:00,00:00
Stella,A,2025-11-16,09:00,18:00
Stella,A,2025-11-17,09:00,18:00
Stella,A,2025-11-18,09:00,18:00
Stella,A,2025-11-19,09:00,18:00
Stella,休,2025-11-20,00:00,00:00
Stella,休,2025-11-21,00:00,00:00
Stella,休,2025-11-22,00:00,00:00
Stella,A,2025-11-23,09:00,18:00
Stella,A,2025-11-24,09:00,18:00
Stella,A,2025-11-25,09:00,18:00
Stella,A,2025-11-26,09:00,18:00
Stella,A,2025-11-27,09:00,18:00
Stella,A,2025-11-28,09:00,18:00
Stella,休,2025-11-29,00:00,00:00
Stella,休,2025-11-30,00:00,00:00
Ever,A,2025-10-1,09:00,18:00
Ever,A,2025-10-2,09:00,18:00
Ever,A,2025-10-3,09:00,18:00
Ever,A,2025-10-4,09:00,18:00
Ever,A,2025-10-5,09:00,18:00
Ever,休,2025-10-6,00:00,00:00
Ever,休,2025-10-7,00:00,00:00
Ever,休,2025-10-8,00:00,00:00
Ever,A,2025-10-9,09:00,18:00
Ever,A,2025-10-10,09:00,18:00
Ever,A,2025-10-11,09:00,18:00
Ever,A,2025-10-12,09:00,18:00
Ever,A,2025-10-13,09:00,18:00
Ever,A,2025-10-14,09:00,18:00
Ever,休,2025-10-15,00:00,00:00
Ever,休,2025-10-16,00:00,00:00
Ever,A,2025-10-17,09:00,18:00
Ever,A,2025-10-18,09:00,18:00
Ever,A,2025-10-19,09:00,18:00
Ever,A,2025-10-20,09:00,18:00
Ever,休,2025-10-21,00:00,00:00
Ever,休,2025-10-22,00:00,00:00
Ever,A,2025-10-23,09:00,18:00
Ever,A,2025-10-24,09:00,18:00
Ever,A,2025-10-25,09:00,18:00
Ever,休,2025-10-26,00:00,00:00
Ever,休,2025-10-27,00:00,00:00
Ever,A,2025-10-28,09:00,18:00
Ever,A,2025-10-29,09:00,18:00
Ever,A,2025-10-30,09:00,18:00
Ever,A,2025-10-31,09:00,18:00
Ever,A,2025-11-1,09:00,18:00
Ever,休,2025-11-2,00:00,00:00
Ever,休,2025-11-3,00:00,00:00
Ever,A,2025-11-4,09:00,18:00
Ever,A,2025-11-5,09:00,18:00
Ever,A,2025-11-6,09:00,18:00
Ever,A,2025-11-7,09:00,18:00
Ever,A,2025-11-8,09:00,18:00
Ever,休,2025-11-9,00:00,00:00
Ever,休,2025-11-10,00:00,00:00
Ever,休,2025-11-11,00:00,00:00
Ever,休,2025-11-12,00:00,00:00
Ever,A,2025-11-13,09:00,18:00
Ever,A,2025-11-14,09:00,18:00
Ever,A,2025-11-15,09:00,18:00
Ever,休,2025-11-16,00:00,00:00
Ever,休,2025-11-17,00:00,00:00
Ever,A,2025-11-18,09:00,18:00
Ever,A,2025-11-19,09:00,18:00
Ever,A,2025-11-20,09:00,18:00
Ever,A,2025-11-21,09:00,18:00
Ever,A,2025-11-22,09:00,18:00
Ever,休,2025-11-23,00:00,00:00
Ever,休,2025-11-24,00:00,00:00
Ever,A,2025-11-25,09:00,18:00
Ever,A,2025-11-26,09:00,18:00
Ever,A,2025-11-27,09:00,18:00
Ever,A,2025-11-28,09:00,18:00
Ever,A,2025-11-29,09:00,18:00
Ever,休,2025-11-30,00:00,00:00
May,休,2025-10-1,00:00,00:00
May,休,2025-10-2,00:00,00:00
May,休,2025-10-3,00:00,00:00
May,休,2025-10-4,00:00,00:00
May,A,2025-10-5,09:00,18:00
May,A,2025-10-6,09:00,18:00
May,A,2025-10-7,09:00,18:00
May,A,2025-10-8,09:00,18:00
May,休,2025-10-9,00:00,00:00
May,休,2025-10-10,00:00,00:00
May,A,2025-10-11,09:00,18:00
May,A,2025-10-12,09:00,18:00
May,A,2025-10-13,09:00,18:00
May,A,2025-10-14,09:00,18:00
May,A,2025-10-15,09:00,18:00
May,休,2025-10-16,00:00,00:00
May,休,2025-10-17,00:00,00:00
May,A,2025-10-18,09:00,18:00
May,A,2025-10-19,09:00,18:00
May,A,2025-10-20,09:00,18:00
May,A,2025-10-21,09:00,18:00
May,A,2025-10-22,09:00,18:00
May,A,2025-10-23,09:00,18:00
May,休,2025-10-24,00:00,00:00
May,休,2025-10-25,00:00,00:00
May,A,2025-10-26,09:00,18:00
May,A,2025-10-27,09:00,18:00
May,A,2025-10-28,09:00,18:00
May,A,2025-10-29,09:00,18:00
May,A,2025-10-30,09:00,18:00
May,休,2025-10-31,00:00,00:00
May,休,2025-11-1,00:00,00:00
May,A,2025-11-2,09:00,18:00
May,A,2025-11-3,09:00,18:00
May,A,2025-11-4,09:00,18:00
May,休,2025-11-5,00:00,00:00
May,A,2025-11-6,09:00,18:00
May,休,2025-11-7,00:00,00:00
May,休,2025-11-8,00:00,00:00
May,A,2025-11-9,09:00,18:00
May,A,2025-11-10,09:00,18:00
May,A,2025-11-11,09:00,18:00
May,A,2025-11-12,09:00,18:00
May,A,2025-11-13,09:00,18:00
May,休,2025-11-14,00:00,00:00
May,休,2025-11-15,00:00,00:00
May,A,2025-11-16,09:00,18:00
May,A,2025-11-17,09:00,18:00
May,A,2025-11-18,09:00,18:00
May,A,2025-11-19,09:00,18:00
May,A,2025-11-20,09:00,18:00
May,休,2025-11-21,00:00,00:00
May,休,2025-11-22,00:00,00:00
May,A,2025-11-23,09:00,18:00
May,A,2025-11-24,09:00,18:00
May,A,2025-11-25,09:00,18:00
May,A,2025-11-26,09:00,18:00
May,休,2025-11-27,00:00,00:00
May,休,2025-11-28,00:00,00:00
May,休,2025-11-29,00:00,00:00
May,A,2025-11-30,09:00,18:00
Lemon,休,2025-10-1,00:00,00:00
Lemon,休,2025-10-2,00:00,00:00
Lemon,休,2025-10-3,00:00,00:00
Lemon,休,2025-10-4,00:00,00:00
Lemon,休,2025-10-5,00:00,00:00
Lemon,休,2025-10-6,00:00,00:00
Lemon,休,2025-10-7,00:00,00:00
Lemon,休,2025-10-8,00:00,00:00
Lemon,A,2025-10-9,09:00,18:00
Lemon,A,2025-10-10,09:00,18:00
Lemon,A,2025-10-11,09:00,18:00
Lemon,休,2025-10-12,00:00,00:00
Lemon,A,2025-10-13,09:00,18:00
Lemon,A,2025-10-14,09:00,18:00
Lemon,A,2025-10-15,09:00,18:00
Lemon,A,2025-10-16,09:00,18:00
Lemon,A,2025-10-17,09:00,18:00
Lemon,休,2025-10-18,00:00,00:00
Lemon,休,2025-10-19,00:00,00:00
Lemon,A,2025-10-20,09:00,18:00
Lemon,A,2025-10-21,09:00,18:00
Lemon,A,2025-10-22,09:00,18:00
Lemon,A,2025-10-23,09:00,18:00
Lemon,A,2025-10-24,09:00,18:00
Lemon,休,2025-10-25,00:00,00:00
Lemon,休,2025-10-26,00:00,00:00
Lemon,A,2025-10-27,09:00,18:00
Lemon,A,2025-10-28,09:00,18:00
Lemon,A,2025-10-29,09:00,18:00
Lemon,A,2025-10-30,09:00,18:00
Lemon,A,2025-10-31,09:00,18:00
Lemon,休,2025-11-1,00:00,00:00
Lemon,休,2025-11-2,00:00,00:00
Lemon,A,2025-11-3,09:00,18:00
Lemon,A,2025-11-4,09:00,18:00
Lemon,A,2025-11-5,09:00,18:00
Lemon,A,2025-11-6,09:00,18:00
Lemon,A,2025-11-7,09:00,18:00
Lemon,休,2025-11-8,00:00,00:00
Lemon,休,2025-11-9,00:00,00:00
Lemon,A,2025-11-10,09:00,18:00
Lemon,A,2025-11-11,09:00,18:00
Lemon,A,2025-11-12,09:00,18:00
Lemon,A,2025-11-13,09:00,18:00
Lemon,A,2025-11-14,09:00,18:00
Lemon,休,2025-11-15,00:00,00:00
Lemon,休,2025-11-16,00:00,00:00
Lemon,A,2025-11-17,09:00,18:00
Lemon,A,2025-11-18,09:00,18:00
Lemon,A,2025-11-19,09:00,18:00
Lemon,A,2025-11-20,09:00,18:00
Lemon,A,2025-11-21,09:00,18:00
Lemon,休,2025-11-22,00:00,00:00
Lemon,休,2025-11-23,00:00,00:00
Lemon,A,2025-11-24,09:00,18:00
Lemon,A,2025-11-25,09:00,18:00
Lemon,A,2025-11-26,09:00,18:00
Lemon,A,2025-11-27,09:00,18:00
Lemon,A,2025-11-28,09:00,18:00
Lemon,休,2025-11-29,00:00,00:00
Lemon,休,2025-11-30,00:00,00:00
Fay,休,2025-10-1,00:00,00:00
Fay,A,2025-10-2,09:00,18:00
Fay,A,2025-10-3,09:00,18:00
Fay,A,2025-10-4,09:00,18:00
Fay,A,2025-10-5,09:00,18:00
Fay,休,2025-10-6,00:00,00:00
Fay,A,2025-10-7,09:00,18:00
Fay,A,2025-10-8,09:00,18:00
Fay,A,2025-10-9,09:00,18:00
Fay,A,2025-10-10,09:00,18:00
Fay,A,2025-10-11,09:00,18:00
Fay,A,2025-10-12,09:00,18:00
Fay,休,2025-10-13,00:00,00:00
Fay,休,2025-10-14,00:00,00:00
Fay,休,2025-10-15,00:00,00:00
Fay,休,2025-10-16,00:00,00:00
Fay,A,2025-10-17,09:00,18:00
Fay,A,2025-10-18,09:00,18:00
Fay,A,2025-10-19,09:00,18:00
Fay,A,2025-10-20,09:00,18:00
Fay,休,2025-10-21,00:00,00:00
Fay,休,2025-10-22,00:00,00:00
Fay,A,2025-10-23,09:00,18:00
Fay,A,2025-10-24,09:00,18:00
Fay,A,2025-10-25,09:00,18:00
Fay,A,2025-10-26,09:00,18:00
Fay,A,2025-10-27,09:00,18:00
Fay,休,2025-10-28,00:00,00:00
Fay,休,2025-10-29,00:00,00:00
Fay,A,2025-10-30,09:00,18:00
Fay,A,2025-10-31,09:00,18:00
Fay,A,2025-11-1,09:00,18:00
Fay,A,2025-11-2,09:00,18:00
Fay,A,2025-11-3,09:00,18:00
Fay,休,2025-11-4,00:00,00:00
Fay,休,2025-11-5,00:00,00:00
Fay,休,2025-11-6,00:00,00:00
Fay,A,2025-11-7,09:00,18:00
Fay,A,2025-11-8,09:00,18:00
Fay,A,2025-11-9,09:00,18:00
Fay,A,2025-11-10,09:00,18:00
Fay,A,2025-11-11,09:00,18:00
Fay,休,2025-11-12,00:00,00:00
Fay,休,2025-11-13,00:00,00:00
Fay,A,2025-11-14,09:00,18:00
Fay,A,2025-11-15,09:00,18:00
Fay,A,2025-11-16,09:00,18:00
Fay,A,2025-11-17,09:00,18:00
Fay,休,2025-11-18,00:00,00:00
Fay,休,2025-11-19,00:00,00:00
Fay,休,2025-11-20,00:00,00:00
Fay,A,2025-11-21,09:00,18:00
Fay,A,2025-11-22,09:00,18:00
Fay,A,2025-11-23,09:00,18:00
Fay,A,2025-11-24,09:00,18:00
Fay,A,2025-11-25,09:00,18:00
Fay,休,2025-11-26,00:00,00:00
Fay,休,2025-11-27,00:00,00:00
Fay,A,2025-11-28,09:00,18:00
Fay,A,2025-11-29,09:00,18:00
Fay,A,2025-11-30,09:00,18:00
Shirley,休,2025-10-1,00:00,00:00
Shirley,A,2025-10-2,09:00,18:00
Shirley,A,2025-10-3,09:00,18:00
Shirley,休,2025-10-4,00:00,00:00
Shirley,休,2025-10-5,00:00,00:00
Shirley,休,2025-10-6,00:00,00:00
Shirley,A,2025-10-7,09:00,18:00
Shirley,A,2025-10-8,09:00,18:00
Shirley,A,2025-10-9,09:00,18:00
Shirley,A,2025-10-10,09:00,18:00
Shirley,休,2025-10-11,00:00,00:00
Shirley,休,2025-10-12,00:00,00:00
Shirley,A,2025-10-13,09:00,18:00
Shirley,A,2025-10-14,09:00,18:00
Shirley,A,2025-10-15,09:00,18:00
Shirley,A,2025-10-16,09:00,18:00
Shirley,A,2025-10-17,09:00,18:00
Shirley,休,2025-10-18,00:00,00:00
Shirley,休,2025-10-19,00:00,00:00
Shirley,A,2025-10-20,09:00,18:00
Shirley,A,2025-10-21,09:00,18:00
Shirley,A,2025-10-22,09:00,18:00
Shirley,A,2025-10-23,09:00,18:00
Shirley,A,2025-10-24,09:00,18:00
Shirley,A,2025-10-25,09:00,18:00
Shirley,休,2025-10-26,00:00,00:00
Shirley,休,2025-10-27,00:00,00:00
Shirley,休,2025-10-28,00:00,00:00
Shirley,A,2025-10-29,09:00,18:00
Shirley,A,2025-10-30,09:00,18:00
Shirley,A,2025-10-31,09:00,18:00
Shirley,A,2025-11-1,09:00,18:00
Shirley,休,2025-11-2,00:00,00:00
Shirley,A,2025-11-3,09:00,18:00
Shirley,A,2025-11-4,09:00,18:00
Shirley,A,2025-11-5,09:00,18:00
Shirley,A,2025-11-6,09:00,18:00
Shirley,休,2025-11-7,00:00,00:00
Shirley,休,2025-11-8,00:00,00:00
Shirley,休,2025-11-9,00:00,00:00
Shirley,A,2025-11-10,09:00,18:00
Shirley,A,2025-11-11,09:00,18:00
Shirley,A,2025-11-12,09:00,18:00
Shirley,A,2025-11-13,09:00,18:00
Shirley,A,2025-11-14,09:00,18:00
Shirley,A,2025-11-15,09:00,18:00
Shirley,休,2025-11-16,00:00,00:00
Shirley,休,2025-11-17,00:00,00:00
Shirley,休,2025-11-18,00:00,00:00
Shirley,A,2025-11-19,09:00,18:00
Shirley,A,2025-11-20,09:00,18:00
Shirley,A,2025-11-21,09:00,18:00
Shirley,A,2025-11-22,09:00,18:00
Shirley,休,2025-11-23,00:00,00:00
Shirley,休,2025-11-24,00:00,00:00
Shirley,A,2025-11-25,09:00,18:00
Shirley,A,2025-11-26,09:00,18:00
Shirley,A,2025-11-27,09:00,18:00
Shirley,A,2025-11-28,09:00,18:00
Shirley,A,2025-11-29,09:00,18:00
Shirley,休,2025-11-30,00:00,00:00
Ian,A,2025-10-1,09:00,18:00
Ian,A,2025-10-2,09:00,18:00
Ian,A,2025-10-3,09:00,18:00
Ian,A,2025-10-4,09:00,18:00
Ian,休,2025-10-5,00:00,00:00
Ian,休,2025-10-6,00:00,00:00
Ian,休,2025-10-7,00:00,00:00
Ian,休,2025-10-8,00:00,00:00
Ian,A,2025-10-9,09:00,18:00
Ian,A,2025-10-10,09:00,18:00
Ian,休,2025-10-11,00:00,00:00
Ian,休,2025-10-12,00:00,00:00
Ian,A,2025-10-13,09:00,18:00
Ian,A,2025-10-14,09:00,18:00
Ian,A,2025-10-15,09:00,18:00
Ian,A,2025-10-16,09:00,18:00
Ian,A,2025-10-17,09:00,18:00
Ian,A,2025-10-18,09:00,18:00
Ian,休,2025-10-19,00:00,00:00
Ian,A,2025-10-20,09:00,18:00
Ian,A,2025-10-21,09:00,18:00
Ian,A,2025-10-22,09:00,18:00
Ian,A,2025-10-23,09:00,18:00
Ian,A,2025-10-24,09:00,18:00
Ian,A,2025-10-25,09:00,18:00
Ian,休,2025-10-26,00:00,00:00
Ian,休,2025-10-27,00:00,00:00
Ian,A,2025-10-28,09:00,18:00
Ian,A,2025-10-29,09:00,18:00
Ian,A,2025-10-30,09:00,18:00
Ian,休,2025-10-31,00:00,00:00
Ian,A,2025-11-1,09:00,18:00
Ian,休,2025-11-2,00:00,00:00
Ian,休,2025-11-3,00:00,00:00
Ian,A,2025-11-4,09:00,18:00
Ian,A,2025-11-5,09:00,18:00
Ian,A,2025-11-6,09:00,18:00
Ian,A,2025-11-7,09:00,18:00
Ian,A,2025-11-8,09:00,18:00
Ian,休,2025-11-9,00:00,00:00
Ian,休,2025-11-10,00:00,00:00
Ian,休,2025-11-11,00:00,00:00
Ian,A,2025-11-12,09:00,18:00
Ian,A,2025-11-13,09:00,18:00
Ian,A,2025-11-14,09:00,18:00
Ian,A,2025-11-15,09:00,18:00
Ian,休,2025-11-16,00:00,00:00
Ian,休,2025-11-17,00:00,00:00
Ian,A,2025-11-18,09:00,18:00
Ian,A,2025-11-19,09:00,18:00
Ian,A,2025-11-20,09:00,18:00
Ian,A,2025-11-21,09:00,18:00
Ian,A,2025-11-22,09:00,18:00
Ian,A,2025-11-23,09:00,18:00
Ian,休,2025-11-24,00:00,00:00
Ian,休,2025-11-25,00:00,00:00
Ian,A,2025-11-26,09:00,18:00
Ian,A,2025-11-27,09:00,18:00
Ian,A,2025-11-28,09:00,18:00
Ian,A,2025-11-29,09:00,18:00
Ian,休,2025-11-30,00:00,00:00
Oni,A,2025-10-1,09:00,18:00
Oni,A,2025-10-2,09:00,18:00
Oni,A,2025-10-3,09:00,18:00
Oni,休,2025-10-4,00:00,00:00
Oni,休,2025-10-5,00:00,00:00
Oni,A,2025-10-6,09:00,18:00
Oni,A,2025-10-7,09:00,18:00
Oni,A,2025-10-8,09:00,18:00
Oni,休,2025-10-9,00:00,00:00
Oni,A,2025-10-10,09:00,18:00
Oni,A,2025-10-11,09:00,18:00
Oni,A,2025-10-12,09:00,18:00
Oni,A,2025-10-13,09:00,18:00
Oni,休,2025-10-14,00:00,00:00
Oni,休,2025-10-15,00:00,00:00
Oni,休,2025-10-16,00:00,00:00
Oni,A,2025-10-17,09:00,18:00
Oni,A,2025-10-18,09:00,18:00
Oni,A,2025-10-19,09:00,18:00
Oni,A,2025-10-20,09:00,18:00
Oni,A,2025-10-21,09:00,18:00
Oni,休,2025-10-22,00:00,00:00
Oni,休,2025-10-23,00:00,00:00
Oni,A,2025-10-24,09:00,18:00
Oni,A,2025-10-25,09:00,18:00
Oni,A,2025-10-26,09:00,18:00
Oni,A,2025-10-27,09:00,18:00
Oni,A,2025-10-28,09:00,18:00
Oni,休,2025-10-29,00:00,00:00
Oni,休,2025-10-30,00:00,00:00
Oni,休,2025-10-31,00:00,00:00
Oni,A,2025-11-1,09:00,18:00
Oni,A,2025-11-2,09:00,18:00
Oni,休,2025-11-3,00:00,00:00
Oni,A,2025-11-4,09:00,18:00
Oni,A,2025-11-5,09:00,18:00
Oni,休,2025-11-6,00:00,00:00
Oni,休,2025-11-7,00:00,00:00
Oni,A,2025-11-8,09:00,18:00
Oni,A,2025-11-9,09:00,18:00
Oni,A,2025-11-10,09:00,18:00
Oni,A,2025-11-11,09:00,18:00
Oni,A,2025-11-12,09:00,18:00
Oni,A,2025-11-13,09:00,18:00
Oni,休,2025-11-14,00:00,00:00
Oni,休,2025-11-15,00:00,00:00
Oni,A,2025-11-16,09:00,18:00
Oni,A,2025-11-17,09:00,18:00
Oni,A,2025-11-18,09:00,18:00
Oni,A,2025-11-19,09:00,18:00
Oni,A,2025-11-20,09:00,18:00
Oni,休,2025-11-21,00:00,00:00
Oni,休,2025-11-22,00:00,00:00
Oni,A,2025-11-23,09:00,18:00
Oni,A,2025-11-24,09:00,18:00
Oni,A,2025-11-25,09:00,18:00
Oni,A,2025-11-26,09:00,18:00
Oni,A,2025-11-27,09:00,18:00
Oni,休,2025-11-28,00:00,00:00
Oni,休,2025-11-29,00:00,00:00
Oni,A,2025-11-30,09:00,18:00
Carat,A,2025-10-1,09:00,18:00
Carat,休,2025-10-2,00:00,00:00
Carat,休,2025-10-3,00:00,00:00
Carat,休,2025-10-4,00:00,00:00
Carat,A,2025-10-5,09:00,18:00
Carat,A,2025-10-6,09:00,18:00
Carat,A,2025-10-7,09:00,18:00
Carat,休,2025-10-8,00:00,00:00
Carat,A,2025-10-9,09:00,18:00
Carat,A,2025-10-10,09:00,18:00
Carat,休,2025-10-11,00:00,00:00
Carat,休,2025-10-12,00:00,00:00
Carat,A,2025-10-13,09:00,18:00
Carat,A,2025-10-14,09:00,18:00
Carat,A,2025-10-15,09:00,18:00
Carat,A,2025-10-16,09:00,18:00
Carat,A,2025-10-17,09:00,18:00
Carat,A,2025-10-18,09:00,18:00
Carat,休,2025-10-19,00:00,00:00
Carat,A,2025-10-20,09:00,18:00
Carat,A,2025-10-21,09:00,18:00
Carat,A,2025-10-22,09:00,18:00
Carat,A,2025-10-23,09:00,18:00
Carat,A,2025-10-24,09:00,18:00
Carat,A,2025-10-25,09:00,18:00
Carat,休,2025-10-26,00:00,00:00
Carat,休,2025-10-27,00:00,00:00
Carat,休,2025-10-28,00:00,00:00
Carat,A,2025-10-29,09:00,18:00
Carat,A,2025-10-30,09:00,18:00
Carat,A,2025-10-31,09:00,18:00
Carat,A,2025-11-1,09:00,18:00
Carat,休,2025-11-2,00:00,00:00
Carat,休,2025-11-3,00:00,00:00
Carat,A,2025-11-4,09:00,18:00
Carat,A,2025-11-5,09:00,18:00
Carat,A,2025-11-6,09:00,18:00
Carat,A,2025-11-7,09:00,18:00
Carat,A,2025-11-8,09:00,18:00
Carat,休,2025-11-9,00:00,00:00
Carat,休,2025-11-10,00:00,00:00
Carat,休,2025-11-11,00:00,00:00
Carat,休,2025-11-12,00:00,00:00
Carat,A,2025-11-13,09:00,18:00
Carat,A,2025-11-14,09:00,18:00
Carat,A,2025-11-15,09:00,18:00
Carat,休,2025-11-16,00:00,00:00
Carat,休,2025-11-17,00:00,00:00
Carat,A,2025-11-18,09:00,18:00
Carat,A,2025-11-19,09:00,18:00
Carat,A,2025-11-20,09:00,18:00
Carat,A,2025-11-21,09:00,18:00
Carat,A,2025-11-22,09:00,18:00
Carat,休,2025-11-23,00:00,00:00
Carat,休,2025-11-24,00:00,00:00
Carat,A,2025-11-25,09:00,18:00
Carat,A,2025-11-26,09:00,18:00
Carat,A,2025-11-27,09:00,18:00
Carat,A,2025-11-28,09:00,18:00
Carat,A,2025-11-29,09:00,18:00
Carat,休,2025-11-30,00:00,00:00
Grace,C,2025-10-1,18:00,03:00
Grace,休,2025-10-2,00:00,00:00
Grace,休,2025-10-3,00:00,00:00
Grace,休,2025-10-4,00:00,00:00
Grace,C,2025-10-5,18:00,03:00
Grace,C,2025-10-6,18:00,03:00
Grace,C,2025-10-7,18:00,03:00
Grace,C,2025-10-8,18:00,03:00
Grace,C,2025-10-9,18:00,03:00
Grace,休,2025-10-10,00:00,00:00
Grace,休,2025-10-11,00:00,00:00
Grace,B,2025-10-12,15:00,00:00
Grace,B,2025-10-13,15:00,00:00
Grace,C,2025-10-14,18:00,03:00
Grace,C,2025-10-15,18:00,03:00
Grace,C,2025-10-16,18:00,03:00
Grace,休,2025-10-17,00:00,00:00
Grace,C,2025-10-18,18:00,03:00
Grace,B,2025-10-19,15:00,00:00
Grace,B,2025-10-20,15:00,00:00
Grace,休,2025-10-21,00:00,00:00
Grace,C,2025-10-22,18:00,03:00
Grace,C,2025-10-23,18:00,03:00
Grace,休,2025-10-24,00:00,00:00
Grace,休,2025-10-25,00:00,00:00
Grace,休,2025-10-26,00:00,00:00
Grace,B,2025-10-27,15:00,00:00
Grace,B,2025-10-28,15:00,00:00
Grace,B,2025-10-29,15:00,00:00
Grace,休,2025-10-30,00:00,00:00
Grace,B,2025-10-31,15:00,00:00
Grace,B,2025-11-1,15:00,00:00
Grace,B,2025-11-2,15:00,00:00
Grace,B,2025-11-3,15:00,00:00
Grace,B,2025-11-4,15:00,00:00
Grace,休,2025-11-5,00:00,00:00
Grace,休,2025-11-6,00:00,00:00
Grace,休,2025-11-7,00:00,00:00
Grace,C,2025-11-8,18:00,03:00
Grace,C,2025-11-9,18:00,03:00
Grace,C,2025-11-10,18:00,03:00
Grace,C,2025-11-11,18:00,03:00
Grace,C,2025-11-12,18:00,03:00
Grace,休,2025-11-13,00:00,00:00
Grace,休,2025-11-14,00:00,00:00
Grace,C,2025-11-15,18:00,03:00
Grace,C,2025-11-16,18:00,03:00
Grace,C,2025-11-17,18:00,03:00
Grace,C,2025-11-18,18:00,03:00
Grace,C,2025-11-19,18:00,03:00
Grace,休,2025-11-20,00:00,00:00
Grace,休,2025-11-21,00:00,00:00
Grace,C,2025-11-22,18:00,03:00
Grace,C,2025-11-23,18:00,03:00
Grace,D,2025-11-24,23:00,08:00
Grace,D,2025-11-25,23:00,08:00
Grace,休,2025-11-26,00:00,00:00
Grace,休,2025-11-27,00:00,00:00
Grace,休,2025-11-28,00:00,00:00
Grace,C,2025-11-29,18:00,03:00
Grace,C,2025-11-30,18:00,03:00
Shawn,休,2025-10-1,00:00,00:00
Shawn,休,2025-10-2,00:00,00:00
Shawn,休,2025-10-3,00:00,00:00
Shawn,休,2025-10-4,00:00,00:00
Shawn,B,2025-10-5,15:00,00:00
Shawn,B,2025-10-6,15:00,00:00
Shawn,B,2025-10-7,15:00,00:00
Shawn,B,2025-10-8,15:00,00:00
Shawn,B,2025-10-9,15:00,00:00
Shawn,休,2025-10-10,00:00,00:00
Shawn,休,2025-10-11,00:00,00:00
Shawn,休,2025-10-12,00:00,00:00
Shawn,休,2025-10-13,00:00,00:00
Shawn,休,2025-10-14,00:00,00:00
Shawn,B,2025-10-15,15:00,00:00
Shawn,B,2025-10-16,15:00,00:00
Shawn,B,2025-10-17,15:00,00:00
Shawn,休,2025-10-18,00:00,00:00
Shawn,B,2025-10-19,15:00,00:00
Shawn,B,2025-10-20,15:00,00:00
Shawn,B,2025-10-21,15:00,00:00
Shawn,休,2025-10-22,00:00,00:00
Shawn,B,2025-10-23,15:00,00:00
Shawn,B,2025-10-24,15:00,00:00
Shawn,B,2025-10-25,15:00,00:00
Shawn,休,2025-10-26,00:00,00:00
Shawn,B,2025-10-27,15:00,00:00
Shawn,B,2025-10-28,15:00,00:00
Shawn,B,2025-10-29,15:00,00:00
Shawn,B,2025-10-30,15:00,00:00
Shawn,B,2025-10-31,15:00,00:00
Shawn,休,2025-11-1,00:00,00:00
Shawn,休,2025-11-2,00:00,00:00
Shawn,B,2025-11-3,15:00,00:00
Shawn,B,2025-11-4,15:00,00:00
Shawn,B,2025-11-5,15:00,00:00
Shawn,B,2025-11-6,15:00,00:00
Shawn,B,2025-11-7,15:00,00:00
Shawn,休,2025-11-8,00:00,00:00
Shawn,休,2025-11-9,00:00,00:00
Shawn,B,2025-11-10,15:00,00:00
Shawn,B,2025-11-11,15:00,00:00
Shawn,B,2025-11-12,15:00,00:00
Shawn,B,2025-11-13,15:00,00:00
Shawn,B,2025-11-14,15:00,00:00
Shawn,休,2025-11-15,00:00,00:00
Shawn,休,2025-11-16,00:00,00:00
Shawn,B,2025-11-17,15:00,00:00
Shawn,B,2025-11-18,15:00,00:00
Shawn,B,2025-11-19,15:00,00:00
Shawn,B,2025-11-20,15:00,00:00
Shawn,B,2025-11-21,15:00,00:00
Shawn,休,2025-11-22,00:00,00:00
Shawn,休,2025-11-23,00:00,00:00
Shawn,B,2025-11-24,15:00,00:00
Shawn,B,2025-11-25,15:00,00:00
Shawn,B,2025-11-26,15:00,00:00
Shawn,B,2025-11-27,15:00,00:00
Shawn,B,2025-11-28,15:00,00:00
Shawn,休,2025-11-29,00:00,00:00
Shawn,休,2025-11-30,00:00,00:00
Elias,A,2025-10-1,09:00,18:00
Elias,A,2025-10-2,09:00,18:00
Elias,A,2025-10-3,09:00,18:00
Elias,A,2025-10-4,09:00,18:00
Elias,休,2025-10-5,00:00,00:00
Elias,休,2025-10-6,00:00,00:00
Elias,休,2025-10-7,00:00,00:00
Elias,休,2025-10-8,00:00,00:00
Elias,A,2025-10-9,09:00,18:00
Elias,A,2025-10-10,09:00,18:00
Elias,A,2025-10-11,09:00,18:00
Elias,休,2025-10-12,00:00,00:00
Elias,A,2025-10-13,09:00,18:00
Elias,A,2025-10-14,09:00,18:00
Elias,A,2025-10-15,09:00,18:00
Elias,A,2025-10-16,09:00,18:00
Elias,A,2025-10-17,09:00,18:00
Elias,A,2025-10-18,09:00,18:00
Elias,休,2025-10-19,00:00,00:00
Elias,休,2025-10-20,00:00,00:00
Elias,A,2025-10-21,09:00,18:00
Elias,A,2025-10-22,09:00,18:00
Elias,A,2025-10-23,09:00,18:00
Elias,A,2025-10-24,09:00,18:00
Elias,A,2025-10-25,09:00,18:00
Elias,休,2025-10-26,00:00,00:00
Elias,休,2025-10-27,00:00,00:00
Elias,休,2025-10-28,00:00,00:00
Elias,A,2025-10-29,09:00,18:00
Elias,A,2025-10-30,09:00,18:00
Elias,A,2025-10-31,09:00,18:00
Elias,A,2025-11-1,09:00,18:00
Elias,A,2025-11-2,09:00,18:00
Elias,休,2025-11-3,00:00,00:00
Elias,休,2025-11-4,00:00,00:00
Elias,休,2025-11-5,00:00,00:00
Elias,A,2025-11-6,09:00,18:00
Elias,A,2025-11-7,09:00,18:00
Elias,A,2025-11-8,09:00,18:00
Elias,A,2025-11-9,09:00,18:00
Elias,A,2025-11-10,09:00,18:00
Elias,休,2025-11-11,00:00,00:00
Elias,A,2025-11-12,09:00,18:00
Elias,A,2025-11-13,09:00,18:00
Elias,A,2025-11-14,09:00,18:00
Elias,A,2025-11-15,09:00,18:00
Elias,A,2025-11-16,09:00,18:00
Elias,休,2025-11-17,00:00,00:00
Elias,休,2025-11-18,00:00,00:00
Elias,休,2025-11-19,00:00,00:00
Elias,休,2025-11-20,00:00,00:00
Elias,A,2025-11-21,09:00,18:00
Elias,A,2025-11-22,09:00,18:00
Elias,A,2025-11-23,09:00,18:00
Elias,A,2025-11-24,09:00,18:00
Elias,A,2025-11-25,09:00,18:00
Elias,休,2025-11-26,00:00,00:00
Elias,休,2025-11-27,00:00,00:00
Elias,A,2025-11-28,09:00,18:00
Elias,A,2025-11-29,09:00,18:00
Elias,A,2025-11-30,09:00,18:00
Vance,休,2025-10-1,00:00,00:00
Vance,休,2025-10-2,00:00,00:00
Vance,B,2025-10-3,15:00,00:00
Vance,B,2025-10-4,15:00,00:00
Vance,B,2025-10-5,15:00,00:00
Vance,B,2025-10-6,15:00,00:00
Vance,B,2025-10-7,15:00,00:00
Vance,休,2025-10-8,00:00,00:00
Vance,休,2025-10-9,00:00,00:00
Vance,C,2025-10-10,18:00,03:00
Vance,C,2025-10-11,18:00,03:00
Vance,C,2025-10-12,18:00,03:00
Vance,C,2025-10-13,18:00,03:00
Vance,休,2025-10-14,00:00,00:00
Vance,休,2025-10-15,00:00,00:00
Vance,休,2025-10-16,00:00,00:00
Vance,C,2025-10-17,18:00,03:00
Vance,C,2025-10-18,18:00,03:00
Vance,C,2025-10-19,18:00,03:00
Vance,C,2025-10-20,18:00,03:00
Vance,C,2025-10-21,18:00,03:00
Vance,休,2025-10-22,00:00,00:00
Vance,休,2025-10-23,00:00,00:00
Vance,C,2025-10-24,18:00,03:00
Vance,C,2025-10-25,18:00,03:00
Vance,C,2025-10-26,18:00,03:00
Vance,C,2025-10-27,18:00,03:00
Vance,C,2025-10-28,18:00,03:00
Vance,休,2025-10-29,00:00,00:00
Vance,休,2025-10-30,00:00,00:00
Vance,C,2025-10-31,18:00,03:00
Vance,休,2025-11-1,00:00,00:00
Vance,休,2025-11-2,00:00,00:00
Vance,C,2025-11-3,18:00,03:00
Vance,C,2025-11-4,18:00,03:00
Vance,C,2025-11-5,18:00,03:00
Vance,休,2025-11-6,00:00,00:00
Vance,休,2025-11-7,00:00,00:00
Vance,C,2025-11-8,18:00,03:00
Vance,C,2025-11-9,18:00,03:00
Vance,C,2025-11-10,18:00,03:00
Vance,D,2025-11-11,23:00,08:00
Vance,D,2025-11-12,23:00,08:00
Vance,D,2025-11-13,23:00,08:00
Vance,休,2025-11-14,00:00,00:00
Vance,休,2025-11-15,00:00,00:00
Vance,C,2025-11-16,18:00,03:00
Vance,C,2025-11-17,18:00,03:00
Vance,C,2025-11-18,18:00,03:00
Vance,C,2025-11-19,18:00,03:00
Vance,C,2025-11-20,18:00,03:00
Vance,C,2025-11-21,18:00,03:00
Vance,休,2025-11-22,00:00,00:00
Vance,休,2025-11-23,00:00,00:00
Vance,B,2025-11-24,15:00,00:00
Vance,B,2025-11-25,15:00,00:00
Vance,B,2025-11-26,15:00,00:00
Vance,B,2025-11-27,15:00,00:00
Vance,B,2025-11-28,15:00,00:00
Vance,休,2025-11-29,00:00,00:00
Vance,休,2025-11-30,00:00,00:00
Lucy,A,2025-10-1,09:00,18:00
Lucy,休,2025-10-2,00:00,00:00
Lucy,A,2025-10-3,09:00,18:00
Lucy,A,2025-10-4,09:00,18:00
Lucy,A,2025-10-5,09:00,18:00
Lucy,A,2025-10-6,09:00,18:00
Lucy,A,2025-10-7,09:00,18:00
Lucy,休,2025-10-8,00:00,00:00
Lucy,A,2025-10-9,09:00,18:00
Lucy,A,2025-10-10,09:00,18:00
Lucy,A,2025-10-11,09:00,18:00
Lucy,A,2025-10-12,09:00,18:00
Lucy,休,2025-10-13,00:00,00:00
Lucy,休,2025-10-14,00:00,00:00
Lucy,休,2025-10-15,00:00,00:00
Lucy,休,2025-10-16,00:00,00:00
Lucy,A,2025-10-17,09:00,18:00
Lucy,A,2025-10-18,09:00,18:00
Lucy,A,2025-10-19,09:00,18:00
Lucy,A,2025-10-20,09:00,18:00
Lucy,A,2025-10-21,09:00,18:00
Lucy,A,2025-10-22,09:00,18:00
Lucy,休,2025-10-23,00:00,00:00
Lucy,休,2025-10-24,00:00,00:00
Lucy,A,2025-10-25,09:00,18:00
Lucy,A,2025-10-26,09:00,18:00
Lucy,A,2025-10-27,09:00,18:00
Lucy,A,2025-10-28,09:00,18:00
Lucy,A,2025-10-29,09:00,18:00
Lucy,休,2025-10-30,00:00,00:00
Lucy,休,2025-10-31,00:00,00:00
Lucy,A,2025-11-1,09:00,18:00
Lucy,A,2025-11-2,09:00,18:00
Lucy,A,2025-11-3,09:00,18:00
Lucy,A,2025-11-4,09:00,18:00
Lucy,A,2025-11-5,09:00,18:00
Lucy,休,2025-11-6,00:00,00:00
Lucy,休,2025-11-7,00:00,00:00
Lucy,A,2025-11-8,09:00,18:00
Lucy,A,2025-11-9,09:00,18:00
Lucy,A,2025-11-10,09:00,18:00
Lucy,A,2025-11-11,09:00,18:00
Lucy,A,2025-11-12,09:00,18:00
Lucy,A,2025-11-13,09:00,18:00
Lucy,A,2025-11-14,09:00,18:00
Lucy,休,2025-11-15,00:00,00:00
Lucy,休,2025-11-16,00:00,00:00
Lucy,A,2025-11-17,09:00,18:00
Lucy,A,2025-11-18,09:00,18:00
Lucy,A,2025-11-19,09:00,18:00
Lucy,休,2025-11-20,00:00,00:00
Lucy,休,2025-11-21,00:00,00:00
Lucy,休,2025-11-22,00:00,00:00
Lucy,休,2025-11-23,00:00,00:00
Lucy,A,2025-11-24,09:00,18:00
Lucy,A,2025-11-25,09:00,18:00
Lucy,A,2025-11-26,09:00,18:00
Lucy,A,2025-11-27,09:00,18:00
Lucy,A,2025-11-28,09:00,18:00
Lucy,休,2025-11-29,00:00,00:00
Lucy,休,2025-11-30,00:00,00:00
Touch,B,2025-10-1,15:00,00:00
Touch,休,2025-10-2,00:00,00:00
Touch,B,2025-10-3,15:00,00:00
Touch,B,2025-10-4,15:00,00:00
Touch,B,2025-10-5,15:00,00:00
Touch,B,2025-10-6,15:00,00:00
Touch,B,2025-10-7,15:00,00:00
Touch,休,2025-10-8,00:00,00:00
Touch,休,2025-10-9,00:00,00:00
Touch,C,2025-10-10,18:00,03:00
Touch,C,2025-10-11,18:00,03:00
Touch,C,2025-10-12,18:00,03:00
Touch,C,2025-10-13,18:00,03:00
Touch,B,2025-10-14,15:00,00:00
Touch,休,2025-10-15,00:00,00:00
Touch,休,2025-10-16,00:00,00:00
Touch,C,2025-10-17,18:00,03:00
Touch,C,2025-10-18,18:00,03:00
Touch,C,2025-10-19,18:00,03:00
Touch,C,2025-10-20,18:00,03:00
Touch,C,2025-10-21,18:00,03:00
Touch,休,2025-10-22,00:00,00:00
Touch,休,2025-10-23,00:00,00:00
Touch,C,2025-10-24,18:00,03:00
Touch,C,2025-10-25,18:00,03:00
Touch,B,2025-10-26,15:00,00:00
Touch,C,2025-10-27,18:00,03:00
Touch,C,2025-10-28,18:00,03:00
Touch,休,2025-10-29,00:00,00:00
Touch,休,2025-10-30,00:00,00:00
Touch,休,2025-10-31,00:00,00:00
Touch,休,2025-11-1,00:00,00:00
Touch,C,2025-11-2,18:00,03:00
Touch,C,2025-11-3,18:00,03:00
Touch,C,2025-11-4,18:00,03:00
Touch,C,2025-11-5,18:00,03:00
Touch,休,2025-11-6,00:00,00:00
Touch,B,2025-11-7,15:00,00:00
Touch,C,2025-11-8,18:00,03:00
Touch,C,2025-11-9,18:00,03:00
Touch,C,2025-11-10,18:00,03:00
Touch,休,2025-11-11,00:00,00:00
Touch,休,2025-11-12,00:00,00:00
Touch,休,2025-11-13,00:00,00:00
Touch,休,2025-11-14,00:00,00:00
Touch,B,2025-11-15,15:00,00:00
Touch,B,2025-11-16,15:00,00:00
Touch,B,2025-11-17,15:00,00:00
Touch,D,2025-11-18,23:00,08:00
Touch,D,2025-11-19,23:00,08:00
Touch,休,2025-11-20,00:00,00:00
Touch,休,2025-11-21,00:00,00:00
Touch,C,2025-11-22,18:00,03:00
Touch,C,2025-11-23,18:00,03:00
Touch,C,2025-11-24,18:00,03:00
Touch,C,2025-11-25,18:00,03:00
Touch,C,2025-11-26,18:00,03:00
Touch,休,2025-11-27,00:00,00:00
Touch,休,2025-11-28,00:00,00:00
Touch,B,2025-11-29,15:00,00:00
Touch,B,2025-11-30,15:00,00:00
Frank,A,2025-10-1,09:00,18:00
Frank,A,2025-10-2,09:00,18:00
Frank,A,2025-10-3,09:00,18:00
Frank,A,2025-10-4,09:00,18:00
Frank,A,2025-10-5,09:00,18:00
Frank,休,2025-10-6,00:00,00:00
Frank,休,2025-10-7,00:00,00:00
Frank,休,2025-10-8,00:00,00:00
Frank,休,2025-10-9,00:00,00:00
Frank,休,2025-10-10,00:00,00:00
Frank,休,2025-10-11,00:00,00:00
Frank,A,2025-10-12,09:00,18:00
Frank,A,2025-10-13,09:00,18:00
Frank,A,2025-10-14,09:00,18:00
Frank,A,2025-10-15,09:00,18:00
Frank,A,2025-10-16,09:00,18:00
Frank,A,2025-10-17,09:00,18:00
Frank,休,2025-10-18,00:00,00:00
Frank,休,2025-10-19,00:00,00:00
Frank,A,2025-10-20,09:00,18:00
Frank,A,2025-10-21,09:00,18:00
Frank,A,2025-10-22,09:00,18:00
Frank,A,2025-10-23,09:00,18:00
Frank,A,2025-10-24,09:00,18:00
Frank,休,2025-10-25,00:00,00:00
Frank,休,2025-10-26,00:00,00:00
Frank,A,2025-10-27,09:00,18:00
Frank,A,2025-10-28,09:00,18:00
Frank,A,2025-10-29,09:00,18:00
Frank,A,2025-10-30,09:00,18:00
Frank,A,2025-10-31,09:00,18:00
Frank,休,2025-11-1,00:00,00:00
Frank,休,2025-11-2,00:00,00:00
Frank,休,2025-11-3,00:00,00:00
Frank,A,2025-11-4,09:00,18:00
Frank,A,2025-11-5,09:00,18:00
Frank,A,2025-11-6,09:00,18:00
Frank,A,2025-11-7,09:00,18:00
Frank,A,2025-11-8,09:00,18:00
Frank,休,2025-11-9,00:00,00:00
Frank,休,2025-11-10,00:00,00:00
Frank,A,2025-11-11,09:00,18:00
Frank,A,2025-11-12,09:00,18:00
Frank,A,2025-11-13,09:00,18:00
Frank,A,2025-11-14,09:00,18:00
Frank,A,2025-11-15,09:00,18:00
Frank,A,2025-11-16,09:00,18:00
Frank,休,2025-11-17,00:00,00:00
Frank,休,2025-11-18,00:00,00:00
Frank,休,2025-11-19,00:00,00:00
Frank,A,2025-11-20,09:00,18:00
Frank,A,2025-11-21,09:00,18:00
Frank,A,2025-11-22,09:00,18:00
Frank,A,2025-11-23,09:00,18:00
Frank,休,2025-11-24,00:00,00:00
Frank,休,2025-11-25,00:00,00:00
Frank,A,2025-11-26,09:00,18:00
Frank,A,2025-11-27,09:00,18:00
Frank,A,2025-11-28,09:00,18:00
Frank,A,2025-11-29,09:00,18:00
Frank,A,2025-11-30,09:00,18:00
Beryl,D,2025-10-1,23:00,08:00
Beryl,D,2025-10-2,23:00,08:00
Beryl,D,2025-10-3,23:00,08:00
Beryl,C,2025-10-4,18:00,03:00
Beryl,休,2025-10-5,00:00,00:00
Beryl,休,2025-10-6,00:00,00:00
Beryl,休,2025-10-7,00:00,00:00
Beryl,C,2025-10-8,18:00,03:00
Beryl,C,2025-10-9,18:00,03:00
Beryl,C,2025-10-10,18:00,03:00
Beryl,C,2025-10-11,18:00,03:00
Beryl,C,2025-10-12,18:00,03:00
Beryl,休,2025-10-13,00:00,00:00
Beryl,休,2025-10-14,00:00,00:00
Beryl,B,2025-10-15,15:00,00:00
Beryl,C,2025-10-16,18:00,03:00
Beryl,C,2025-10-17,18:00,03:00
Beryl,C,2025-10-18,18:00,03:00
Beryl,C,2025-10-19,18:00,03:00
Beryl,休,2025-10-20,00:00,00:00
Beryl,休,2025-10-21,00:00,00:00
Beryl,休,2025-10-22,00:00,00:00
Beryl,C,2025-10-23,18:00,03:00
Beryl,C,2025-10-24,18:00,03:00
Beryl,C,2025-10-25,18:00,03:00
Beryl,C,2025-10-26,18:00,03:00
Beryl,休,2025-10-27,00:00,00:00
Beryl,休,2025-10-28,00:00,00:00
Beryl,C,2025-10-29,18:00,03:00
Beryl,C,2025-10-30,18:00,03:00
Beryl,C,2025-10-31,18:00,03:00
Beryl,C,2025-11-1,18:00,03:00
Beryl,C,2025-11-2,18:00,03:00
Beryl,休,2025-11-3,00:00,00:00
Beryl,休,2025-11-4,00:00,00:00
Beryl,休,2025-11-5,00:00,00:00
Beryl,C,2025-11-6,18:00,03:00
Beryl,C,2025-11-7,18:00,03:00
Beryl,C,2025-11-8,18:00,03:00
Beryl,C,2025-11-9,18:00,03:00
Beryl,休,2025-11-10,00:00,00:00
Beryl,休,2025-11-11,00:00,00:00
Beryl,C,2025-11-12,18:00,03:00
Beryl,C,2025-11-13,18:00,03:00
Beryl,C,2025-11-14,18:00,03:00
Beryl,C,2025-11-15,18:00,03:00
Beryl,C,2025-11-16,18:00,03:00
Beryl,休,2025-11-17,00:00,00:00
Beryl,休,2025-11-18,00:00,00:00
Beryl,休,2025-11-19,00:00,00:00
Beryl,B,2025-11-20,15:00,00:00
Beryl,B,2025-11-21,15:00,00:00
Beryl,C,2025-11-22,18:00,03:00
Beryl,C,2025-11-23,18:00,03:00
Beryl,休,2025-11-24,00:00,00:00
Beryl,休,2025-11-25,00:00,00:00
Beryl,C,2025-11-26,18:00,03:00
Beryl,C,2025-11-27,18:00,03:00
Beryl,C,2025-11-28,18:00,03:00
Beryl,C,2025-11-29,18:00,03:00
Beryl,C,2025-11-30,18:00,03:00
Icey,休,2025-10-1,00:00,00:00
Icey,休,2025-10-2,00:00,00:00
Icey,休,2025-10-3,00:00,00:00
Icey,休,2025-10-4,00:00,00:00
Icey,A,2025-10-5,09:00,18:00
Icey,A,2025-10-6,09:00,18:00
Icey,A,2025-10-7,09:00,18:00
Icey,A,2025-10-8,09:00,18:00
Icey,A,2025-10-9,09:00,18:00
Icey,休,2025-10-10,00:00,00:00
Icey,休,2025-10-11,00:00,00:00
Icey,A,2025-10-12,09:00,18:00
Icey,A,2025-10-13,09:00,18:00
Icey,A,2025-10-14,09:00,18:00
Icey,A,2025-10-15,09:00,18:00
Icey,休,2025-10-16,00:00,00:00
Icey,休,2025-10-17,00:00,00:00
Icey,A,2025-10-18,09:00,18:00
Icey,A,2025-10-19,09:00,18:00
Icey,A,2025-10-20,09:00,18:00
Icey,A,2025-10-21,09:00,18:00
Icey,休,2025-10-22,00:00,00:00
Icey,A,2025-10-23,09:00,18:00
Icey,A,2025-10-24,09:00,18:00
Icey,A,2025-10-25,09:00,18:00
Icey,A,2025-10-26,09:00,18:00
Icey,休,2025-10-27,00:00,00:00
Icey,休,2025-10-28,00:00,00:00
Icey,休,2025-10-29,00:00,00:00
Icey,A,2025-10-30,09:00,18:00
Icey,A,2025-10-31,09:00,18:00
Icey,休,2025-11-1,00:00,00:00
Icey,休,2025-11-2,00:00,00:00
Icey,A,2025-11-3,09:00,18:00
Icey,A,2025-11-4,09:00,18:00
Icey,A,2025-11-5,09:00,18:00
Icey,A,2025-11-6,09:00,18:00
Icey,A,2025-11-7,09:00,18:00
Icey,A,2025-11-8,09:00,18:00
Icey,休,2025-11-9,00:00,00:00
Icey,休,2025-11-10,00:00,00:00
Icey,A,2025-11-11,09:00,18:00
Icey,A,2025-11-12,09:00,18:00
Icey,A,2025-11-13,09:00,18:00
Icey,A,2025-11-14,09:00,18:00
Icey,A,2025-11-15,09:00,18:00
Icey,休,2025-11-16,00:00,00:00
Icey,休,2025-11-17,00:00,00:00
Icey,休,2025-11-18,00:00,00:00
Icey,A,2025-11-19,09:00,18:00
Icey,A,2025-11-20,09:00,18:00
Icey,A,2025-11-21,09:00,18:00
Icey,A,2025-11-22,09:00,18:00
Icey,A,2025-11-23,09:00,18:00
Icey,休,2025-11-24,00:00,00:00
Icey,休,2025-11-25,00:00,00:00
Icey,休,2025-11-26,00:00,00:00
Icey,A,2025-11-27,09:00,18:00
Icey,A,2025-11-28,09:00,18:00
Icey,A,2025-11-29,09:00,18:00
Icey,A,2025-11-30,09:00,18:00
Kaye,A,2025-10-1,09:00,18:00
Kaye,A,2025-10-2,09:00,18:00
Kaye,A,2025-10-3,09:00,18:00
Kaye,A,2025-10-4,09:00,18:00
Kaye,休,2025-10-5,00:00,00:00
Kaye,A,2025-10-6,09:00,18:00
Kaye,A,2025-10-7,09:00,18:00
Kaye,休,2025-10-8,00:00,00:00
Kaye,A,2025-10-9,09:00,18:00
Kaye,A,2025-10-10,09:00,18:00
Kaye,A,2025-10-11,09:00,18:00
Kaye,A,2025-10-12,09:00,18:00
Kaye,A,2025-10-13,09:00,18:00
Kaye,休,2025-10-14,00:00,00:00
Kaye,休,2025-10-15,00:00,00:00
Kaye,休,2025-10-16,00:00,00:00
Kaye,A,2025-10-17,09:00,18:00
Kaye,A,2025-10-18,09:00,18:00
Kaye,A,2025-10-19,09:00,18:00
Kaye,A,2025-10-20,09:00,18:00
Kaye,A,2025-10-21,09:00,18:00
Kaye,A,2025-10-22,09:00,18:00
Kaye,休,2025-10-23,00:00,00:00
Kaye,休,2025-10-24,00:00,00:00
Kaye,A,2025-10-25,09:00,18:00
Kaye,A,2025-10-26,09:00,18:00
Kaye,A,2025-10-27,09:00,18:00
Kaye,A,2025-10-28,09:00,18:00
Kaye,A,2025-10-29,09:00,18:00
Kaye,休,2025-10-30,00:00,00:00
Kaye,休,2025-10-31,00:00,00:00
Kaye,A,2025-11-1,09:00,18:00
Kaye,A,2025-11-2,09:00,18:00
Kaye,A,2025-11-3,09:00,18:00
Kaye,A,2025-11-4,09:00,18:00
Kaye,A,2025-11-5,09:00,18:00
Kaye,A,2025-11-6,09:00,18:00
Kaye,休,2025-11-7,00:00,00:00
Kaye,休,2025-11-8,00:00,00:00
Kaye,A,2025-11-9,09:00,18:00
Kaye,A,2025-11-10,09:00,18:00
Kaye,A,2025-11-11,09:00,18:00
Kaye,A,2025-11-12,09:00,18:00
Kaye,A,2025-11-13,09:00,18:00
Kaye,休,2025-11-14,00:00,00:00
Kaye,休,2025-11-15,00:00,00:00
Kaye,A,2025-11-16,09:00,18:00
Kaye,A,2025-11-17,09:00,18:00
Kaye,A,2025-11-18,09:00,18:00
Kaye,A,2025-11-19,09:00,18:00
Kaye,A,2025-11-20,09:00,18:00
Kaye,休,2025-11-21,00:00,00:00
Kaye,休,2025-11-22,00:00,00:00
Kaye,A,2025-11-23,09:00,18:00
Kaye,A,2025-11-24,09:00,18:00
Kaye,A,2025-11-25,09:00,18:00
Kaye,A,2025-11-26,09:00,18:00
Kaye,A,2025-11-27,09:00,18:00
Kaye,休,2025-11-28,00:00,00:00
Kaye,休,2025-11-29,00:00,00:00
Kaye,休,2025-11-30,00:00,00:00
William,休,2025-10-1,00:00,00:00
William,A,2025-10-2,09:00,18:00
William,A,2025-10-3,09:00,18:00
William,A,2025-10-4,09:00,18:00
William,A,2025-10-5,09:00,18:00
William,A,2025-10-6,09:00,18:00
William,休,2025-10-7,00:00,00:00
William,休,2025-10-8,00:00,00:00
William,休,2025-10-9,00:00,00:00
William,休,2025-10-10,00:00,00:00
William,A,2025-10-11,09:00,18:00
William,A,2025-10-12,09:00,18:00
William,A,2025-10-13,09:00,18:00
William,A,2025-10-14,09:00,18:00
William,A,2025-10-15,09:00,18:00
William,A,2025-10-16,09:00,18:00
William,休,2025-10-17,00:00,00:00
William,A,2025-10-18,09:00,18:00
William,A,2025-10-19,09:00,18:00
William,A,2025-10-20,09:00,18:00
William,A,2025-10-21,09:00,18:00
William,A,2025-10-22,09:00,18:00
William,A,2025-10-23,09:00,18:00
William,休,2025-10-24,00:00,00:00
William,休,2025-10-25,00:00,00:00
William,A,2025-10-26,09:00,18:00
William,A,2025-10-27,09:00,18:00
William,A,2025-10-28,09:00,18:00
William,A,2025-10-29,09:00,18:00
William,A,2025-10-30,09:00,18:00
William,休,2025-10-31,00:00,00:00
William,休,2025-11-1,00:00,00:00
William,A,2025-11-2,09:00,18:00
William,A,2025-11-3,09:00,18:00
William,A,2025-11-4,09:00,18:00
William,A,2025-11-5,09:00,18:00
William,A,2025-11-6,09:00,18:00
William,休,2025-11-7,00:00,00:00
William,休,2025-11-8,00:00,00:00
William,A,2025-11-9,09:00,18:00
William,A,2025-11-10,09:00,18:00
William,A,2025-11-11,09:00,18:00
William,A,2025-11-12,09:00,18:00
William,A,2025-11-13,09:00,18:00
William,休,2025-11-14,00:00,00:00
William,休,2025-11-15,00:00,00:00
William,A,2025-11-16,09:00,18:00
William,A,2025-11-17,09:00,18:00
William,A,2025-11-18,09:00,18:00
William,A,2025-11-19,09:00,18:00
William,A,2025-11-20,09:00,18:00
William,休,2025-11-21,00:00,00:00
William,休,2025-11-22,00:00,00:00
William,休,2025-11-23,00:00,00:00
William,A,2025-11-24,09:00,18:00
William,A,2025-11-25,09:00,18:00
William,A,2025-11-26,09:00,18:00
William,A,2025-11-27,09:00,18:00
William,休,2025-11-28,00:00,00:00
William,休,2025-11-29,00:00,00:00
William,休,2025-11-30,00:00,00:00
Silas,休,2025-10-1,00:00,00:00
Silas,休,2025-10-2,00:00,00:00
Silas,休,2025-10-3,00:00,00:00
Silas,休,2025-10-4,00:00,00:00
Silas,休,2025-10-5,00:00,00:00
Silas,休,2025-10-6,00:00,00:00
Silas,休,2025-10-7,00:00,00:00
Silas,休,2025-10-8,00:00,00:00
Silas,A,2025-10-9,09:00,18:00
Silas,A,2025-10-10,09:00,18:00
Silas,A,2025-10-11,09:00,18:00
Silas,休,2025-10-12,00:00,00:00
Silas,A,2025-10-13,09:00,18:00
Silas,A,2025-10-14,09:00,18:00
Silas,A,2025-10-15,09:00,18:00
Silas,A,2025-10-16,09:00,18:00
Silas,A,2025-10-17,09:00,18:00
Silas,休,2025-10-18,00:00,00:00
Silas,休,2025-10-19,00:00,00:00
Silas,A,2025-10-20,09:00,18:00
Silas,A,2025-10-21,09:00,18:00
Silas,A,2025-10-22,09:00,18:00
Silas,A,2025-10-23,09:00,18:00
Silas,A,2025-10-24,09:00,18:00
Silas,休,2025-10-25,00:00,00:00
Silas,休,2025-10-26,00:00,00:00
Silas,A,2025-10-27,09:00,18:00
Silas,A,2025-10-28,09:00,18:00
Silas,A,2025-10-29,09:00,18:00
Silas,A,2025-10-30,09:00,18:00
Silas,A,2025-10-31,09:00,18:00
Silas,休,2025-11-1,00:00,00:00
Silas,休,2025-11-2,00:00,00:00
Silas,A,2025-11-3,09:00,18:00
Silas,A,2025-11-4,09:00,18:00
Silas,A,2025-11-5,09:00,18:00
Silas,A,2025-11-6,09:00,18:00
Silas,A,2025-11-7,09:00,18:00
Silas,休,2025-11-8,00:00,00:00
Silas,休,2025-11-9,00:00,00:00
Silas,A,2025-11-10,09:00,18:00
Silas,A,2025-11-11,09:00,18:00
Silas,A,2025-11-12,09:00,18:00
Silas,A,2025-11-13,09:00,18:00
Silas,A,2025-11-14,09:00,18:00
Silas,休,2025-11-15,00:00,00:00
Silas,休,2025-11-16,00:00,00:00
Silas,A,2025-11-17,09:00,18:00
Silas,A,2025-11-18,09:00,18:00
Silas,A,2025-11-19,09:00,18:00
Silas,A,2025-11-20,09:00,18:00
Silas,A,2025-11-21,09:00,18:00
Silas,休,2025-11-22,00:00,00:00
Silas,休,2025-11-23,00:00,00:00
Silas,A,2025-11-24,09:00,18:00
Silas,A,2025-11-25,09:00,18:00
Silas,A,2025-11-26,09:00,18:00
Silas,A,2025-11-27,09:00,18:00
Silas,A,2025-11-28,09:00,18:00
Silas,休,2025-11-29,00:00,00:00
Silas,休,2025-11-30,00:00,00:00
Eddie,休,2025-10-1,00:00,00:00
Eddie,休,2025-10-2,00:00,00:00
Eddie,休,2025-10-3,00:00,00:00
Eddie,休,2025-10-4,00:00,00:00
Eddie,休,2025-10-5,00:00,00:00
Eddie,A,2025-10-6,09:00,18:00
Eddie,A,2025-10-7,09:00,18:00
Eddie,A,2025-10-8,09:00,18:00
Eddie,A,2025-10-9,09:00,18:00
Eddie,A,2025-10-10,09:00,18:00
Eddie,A,2025-10-11,09:00,18:00
Eddie,休,2025-10-12,00:00,00:00
Eddie,休,2025-10-13,00:00,00:00
Eddie,A,2025-10-14,09:00,18:00
Eddie,A,2025-10-15,09:00,18:00
Eddie,A,2025-10-16,09:00,18:00
Eddie,A,2025-10-17,09:00,18:00
Eddie,A,2025-10-18,09:00,18:00
Eddie,A,2025-10-19,09:00,18:00
Eddie,休,2025-10-20,00:00,00:00
Eddie,休,2025-10-21,00:00,00:00
Eddie,A,2025-10-22,09:00,18:00
Eddie,A,2025-10-23,09:00,18:00
Eddie,A,2025-10-24,09:00,18:00
Eddie,A,2025-10-25,09:00,18:00
Eddie,A,2025-10-26,09:00,18:00
Eddie,休,2025-10-27,00:00,00:00
Eddie,休,2025-10-28,00:00,00:00
Eddie,休,2025-10-29,00:00,00:00
Eddie,A,2025-10-30,09:00,18:00
Eddie,A,2025-10-31,09:00,18:00
Eddie,A,2025-11-1,09:00,18:00
Eddie,A,2025-11-2,09:00,18:00
Eddie,休,2025-11-3,00:00,00:00
Eddie,休,2025-11-4,00:00,00:00
Eddie,A,2025-11-5,09:00,18:00
Eddie,A,2025-11-6,09:00,18:00
Eddie,A,2025-11-7,09:00,18:00
Eddie,休,2025-11-8,00:00,00:00
Eddie,休,2025-11-9,00:00,00:00
Eddie,休,2025-11-10,00:00,00:00
Eddie,A,2025-11-11,09:00,18:00
Eddie,A,2025-11-12,09:00,18:00
Eddie,A,2025-11-13,09:00,18:00
Eddie,A,2025-11-14,09:00,18:00
Eddie,休,2025-11-15,00:00,00:00
Eddie,休,2025-11-16,00:00,00:00
Eddie,A,2025-11-17,09:00,18:00
Eddie,A,2025-11-18,09:00,18:00
Eddie,A,2025-11-19,09:00,18:00
Eddie,A,2025-11-20,09:00,18:00
Eddie,A,2025-11-21,09:00,18:00
Eddie,A,2025-11-22,09:00,18:00
Eddie,休,2025-11-23,00:00,00:00
Eddie,休,2025-11-24,00:00,00:00
Eddie,休,2025-11-25,00:00,00:00
Eddie,A,2025-11-26,09:00,18:00
Eddie,A,2025-11-27,09:00,18:00
Eddie,A,2025-11-28,09:00,18:00
Eddie,A,2025-11-29,09:00,18:00
Eddie,A,2025-11-30,09:00,18:00
